[1/479] C:\Windows\system32\cmd.exe /C "cd /D "C:\Users\Diversecity\Desktop\picoboot-bt to picoboot2w\PicoBoot-BT-2W\build\pico2_w\pico-sdk\src\rp2350\boot_stage2" && "C:\Program Files\CMake\bin\cmake.exe" -E touch_nocreate "C:/Users/Diversecity/Desktop/picoboot-bt to picoboot2w/PicoBoot-BT-2W/CMakeLists.txt""
[2/479] Creating directories for 'pioasmBuild'
[3/479] Creating directories for 'picotoolBuild'
[4/479] No download step for 'pioasmBuild'
[5/479] No download step for 'picotoolBuild'
[6/479] No update step for 'pioasmBuild'
[7/479] No update step for 'picotoolBuild'
[8/479] No patch step for 'pioasmBuild'
[9/479] No patch step for 'picotoolBuild'
[10/479] Performing configure step for 'pioasmBuild'
The --no-warn-unused-cli option is deprecated.  Use -Wno-unused-cli instead.
loading initial cache file C:/Users/Diversecity/Desktop/picoboot-bt to picoboot2w/PicoBoot-BT-2W/build/pico2_w/pico-sdk/src/rp2_common/pico_cyw43_driver/pioasm/tmp/pioasmBuild-cache-RelWithDebInfo.cmake
-- The CXX compiler identification is GNU 16.2.0
-- Detecting CXX compiler ABI info
-- Detecting CXX compiler ABI info - done
-- Check for working CXX compiler: C:/Users/Diversecity/Downloads/winlibs-x86_64-posix-seh-gcc-16.2.0-mingw-w64ucrt-14.0.0-r1/mingw64/bin/c++.exe - skipped
-- Detecting CXX compile features
-- Detecting CXX compile features - done
-- Configuring done (2.7s)
-- Generating done (0.3s)
-- Build files have been written to: C:/Users/Diversecity/Desktop/picoboot-bt to picoboot2w/PicoBoot-BT-2W/build/pico2_w/pioasm
[11/479] Performing configure step for 'picotoolBuild'
The --no-warn-unused-cli option is deprecated.  Use -Wno-unused-cli instead.
-- The C compiler identification is GNU 16.2.0
-- The CXX compiler identification is GNU 16.2.0
-- Detecting C compiler ABI info
-- Detecting C compiler ABI info - done
-- Check for working C compiler: C:/Users/Diversecity/Downloads/winlibs-x86_64-posix-seh-gcc-16.2.0-mingw-w64ucrt-14.0.0-r1/mingw64/bin/gcc.exe - skipped
-- Detecting C compile features
-- Detecting C compile features - done
-- Detecting CXX compiler ABI info
-- Detecting CXX compiler ABI info - done
-- Check for working CXX compiler: C:/Users/Diversecity/Downloads/winlibs-x86_64-posix-seh-gcc-16.2.0-mingw-w64ucrt-14.0.0-r1/mingw64/bin/c++.exe - skipped
-- Detecting CXX compile features
-- Detecting CXX compile features - done
-- Using the single-header code from C:/Users/Diversecity/Desktop/picoboot-bt to picoboot2w/PicoBoot-BT-2W/build/pico2_w/_deps/picotool-src/lib/nlohmann_json/single_include/
PICOTOOL_NO_LIBUSB is set - no USB support will be built
-- Configuring done (13.8s)
-- Generating done (1.2s)
-- Build files have been written to: C:/Users/Diversecity/Desktop/picoboot-bt to picoboot2w/PicoBoot-BT-2W/build/pico2_w/_deps/picotool-build
[12/479] Performing build step for 'pioasmBuild'
[1/12] Building CXX object CMakeFiles/pioasm.dir/c_sdk_output.cpp.obj
[2/12] Building CXX object CMakeFiles/pioasm.dir/main.cpp.obj
[3/12] Building CXX object CMakeFiles/pioasm.dir/pio_disassembler.cpp.obj
[4/12] Building CXX object CMakeFiles/pioasm.dir/gen/lexer.cpp.obj
[5/12] Building CXX object CMakeFiles/pioasm.dir/hex_output.cpp.obj
[6/12] Building CXX object CMakeFiles/pioasm.dir/json_output.cpp.obj
[7/12] Building CXX object CMakeFiles/pioasm.dir/ada_output.cpp.obj
[8/12] Building CXX object CMakeFiles/pioasm.dir/python_output.cpp.obj
[9/12] Building CXX object CMakeFiles/pioasm.dir/go_output.cpp.obj
[10/12] Building CXX object CMakeFiles/pioasm.dir/gen/parser.cpp.obj
[11/12] Building CXX object CMakeFiles/pioasm.dir/pio_assembler.cpp.obj
[12/12] Linking CXX executable pioasm.exe
[13/479] Performing install step for 'pioasmBuild'
[0/1] Install the project...
-- Install configuration: "Release"
[14/479] Completed 'pioasmBuild'
[15/479] Generating joybus.pio.h
[16/479] Generating picoboot.pio.h
[17/479] Generating cyw43_bus_pio_spi.pio.h
[18/479] Performing build step for 'picotoolBuild'
[1/111] Configuring rp2350_a4_rom_end.h
[2/111] Configuring rp2350_a2_rom_end.h
[3/111] Configuring rp2350_a3_rom_end.h
[4/111] Creating directories for 'enc_bootloader_mbedtls'
[5/111] Creating directories for 'enc_bootloader'
[6/111] Building CXX object errors/CMakeFiles/errors.dir/errors.cpp.obj
[7/111] Building C object lib/CMakeFiles/mbedtls.dir/C_/Users/Diversecity/pico-sdk/lib/mbedtls/library/aesni.c.obj
[8/111] Building C object lib/CMakeFiles/mbedtls.dir/C_/Users/Diversecity/pico-sdk/lib/mbedtls/library/aria.c.obj
[9/111] No download step for 'enc_bootloader_mbedtls'
[10/111] No download step for 'enc_bootloader'
[11/111] Linking CXX static library errors\liberrors.a
[12/111] No update step for 'enc_bootloader_mbedtls'
[13/111] No update step for 'enc_bootloader'
[14/111] Building C object lib/CMakeFiles/mbedtls.dir/C_/Users/Diversecity/pico-sdk/lib/mbedtls/library/asn1parse.c.obj
[15/111] Building C object lib/CMakeFiles/mbedtls.dir/C_/Users/Diversecity/pico-sdk/lib/mbedtls/library/aes.c.obj
[16/111] Building CXX object model/CMakeFiles/model.dir/model.cpp.obj
[17/111] No patch step for 'enc_bootloader_mbedtls'
[18/111] No patch step for 'enc_bootloader'
[19/111] Building C object lib/CMakeFiles/mbedtls.dir/C_/Users/Diversecity/pico-sdk/lib/mbedtls/library/base64.c.obj
[20/111] Building C object lib/CMakeFiles/mbedtls.dir/C_/Users/Diversecity/pico-sdk/lib/mbedtls/library/asn1write.c.obj
[21/111] Building C object lib/CMakeFiles/mbedtls.dir/C_/Users/Diversecity/pico-sdk/lib/mbedtls/library/ccm.c.obj
[22/111] Building C object lib/CMakeFiles/mbedtls.dir/C_/Users/Diversecity/pico-sdk/lib/mbedtls/library/chacha20.c.obj
[23/111] Building C object lib/CMakeFiles/mbedtls.dir/C_/Users/Diversecity/pico-sdk/lib/mbedtls/library/camellia.c.obj
[24/111] Building C object lib/CMakeFiles/mbedtls.dir/C_/Users/Diversecity/pico-sdk/lib/mbedtls/library/chachapoly.c.obj
[25/111] Building C object lib/CMakeFiles/mbedtls.dir/C_/Users/Diversecity/pico-sdk/lib/mbedtls/library/cipher_wrap.c.obj
[26/111] Building C object lib/CMakeFiles/mbedtls.dir/C_/Users/Diversecity/pico-sdk/lib/mbedtls/library/cipher.c.obj
[27/111] Building C object lib/CMakeFiles/mbedtls.dir/C_/Users/Diversecity/pico-sdk/lib/mbedtls/library/constant_time.c.obj
[28/111] Building C object lib/CMakeFiles/mbedtls.dir/C_/Users/Diversecity/pico-sdk/lib/mbedtls/library/cmac.c.obj
[29/111] Building C object lib/CMakeFiles/mbedtls.dir/C_/Users/Diversecity/pico-sdk/lib/mbedtls/library/dhm.c.obj
[30/111] Building C object lib/CMakeFiles/mbedtls.dir/C_/Users/Diversecity/pico-sdk/lib/mbedtls/library/des.c.obj
[31/111] Building C object lib/CMakeFiles/mbedtls.dir/C_/Users/Diversecity/pico-sdk/lib/mbedtls/library/ctr_drbg.c.obj
[32/111] Building C object lib/CMakeFiles/mbedtls.dir/C_/Users/Diversecity/pico-sdk/lib/mbedtls/library/ecdh.c.obj
[33/111] Building C object lib/CMakeFiles/mbedtls.dir/C_/Users/Diversecity/pico-sdk/lib/mbedtls/library/ecdsa.c.obj
[34/111] Building C object lib/CMakeFiles/mbedtls.dir/C_/Users/Diversecity/pico-sdk/lib/mbedtls/library/ecjpake.c.obj
[35/111] Building C object lib/CMakeFiles/mbedtls.dir/C_/Users/Diversecity/pico-sdk/lib/mbedtls/library/bignum.c.obj
[36/111] Building C object lib/CMakeFiles/mbedtls.dir/C_/Users/Diversecity/pico-sdk/lib/mbedtls/library/entropy.c.obj
[37/111] Building C object lib/CMakeFiles/mbedtls.dir/C_/Users/Diversecity/pico-sdk/lib/mbedtls/library/error.c.obj
[38/111] Building C object lib/CMakeFiles/mbedtls.dir/C_/Users/Diversecity/pico-sdk/lib/mbedtls/library/gcm.c.obj
[39/111] Building C object lib/CMakeFiles/mbedtls.dir/C_/Users/Diversecity/pico-sdk/lib/mbedtls/library/ecp_curves.c.obj
[40/111] Building C object lib/CMakeFiles/mbedtls.dir/C_/Users/Diversecity/pico-sdk/lib/mbedtls/library/ecp.c.obj
[41/111] Building C object lib/CMakeFiles/mbedtls.dir/C_/Users/Diversecity/pico-sdk/lib/mbedtls/library/hkdf.c.obj
[42/111] Building C object lib/CMakeFiles/mbedtls.dir/C_/Users/Diversecity/pico-sdk/lib/mbedtls/library/hmac_drbg.c.obj
[43/111] Building C object lib/CMakeFiles/mbedtls.dir/C_/Users/Diversecity/pico-sdk/lib/mbedtls/library/entropy_poll.c.obj
[44/111] Building C object lib/CMakeFiles/mbedtls.dir/C_/Users/Diversecity/pico-sdk/lib/mbedtls/library/memory_buffer_alloc.c.obj
[45/111] Building C object lib/CMakeFiles/mbedtls.dir/C_/Users/Diversecity/pico-sdk/lib/mbedtls/library/md5.c.obj
[46/111] Building C object lib/CMakeFiles/mbedtls.dir/C_/Users/Diversecity/pico-sdk/lib/mbedtls/library/md.c.obj
[47/111] Building C object lib/CMakeFiles/mbedtls.dir/C_/Users/Diversecity/pico-sdk/lib/mbedtls/library/mps_reader.c.obj
[48/111] Building C object lib/CMakeFiles/mbedtls.dir/C_/Users/Diversecity/pico-sdk/lib/mbedtls/library/mps_trace.c.obj
[49/111] Building C object lib/CMakeFiles/mbedtls.dir/C_/Users/Diversecity/pico-sdk/lib/mbedtls/library/nist_kw.c.obj
[50/111] Building C object lib/CMakeFiles/mbedtls.dir/C_/Users/Diversecity/pico-sdk/lib/mbedtls/library/padlock.c.obj
[51/111] Building C object lib/CMakeFiles/mbedtls.dir/C_/Users/Diversecity/pico-sdk/lib/mbedtls/library/pem.c.obj
[52/111] Building C object lib/CMakeFiles/mbedtls.dir/C_/Users/Diversecity/pico-sdk/lib/mbedtls/library/oid.c.obj
[53/111] Building C object lib/CMakeFiles/mbedtls.dir/C_/Users/Diversecity/pico-sdk/lib/mbedtls/library/pk.c.obj
[54/111] Building C object lib/CMakeFiles/mbedtls.dir/C_/Users/Diversecity/pico-sdk/lib/mbedtls/library/pk_wrap.c.obj
[55/111] Building C object lib/CMakeFiles/mbedtls.dir/C_/Users/Diversecity/pico-sdk/lib/mbedtls/library/pkcs5.c.obj
[56/111] Building C object lib/CMakeFiles/mbedtls.dir/C_/Users/Diversecity/pico-sdk/lib/mbedtls/library/pkcs12.c.obj
[57/111] Building C object lib/CMakeFiles/mbedtls.dir/C_/Users/Diversecity/pico-sdk/lib/mbedtls/library/pkwrite.c.obj
[58/111] Building C object lib/CMakeFiles/mbedtls.dir/C_/Users/Diversecity/pico-sdk/lib/mbedtls/library/pkparse.c.obj
[59/111] Building C object lib/CMakeFiles/mbedtls.dir/C_/Users/Diversecity/pico-sdk/lib/mbedtls/library/platform.c.obj
[60/111] Building C object lib/CMakeFiles/mbedtls.dir/C_/Users/Diversecity/pico-sdk/lib/mbedtls/library/psa_crypto.c.obj
[61/111] Building C object lib/CMakeFiles/mbedtls.dir/C_/Users/Diversecity/pico-sdk/lib/mbedtls/library/poly1305.c.obj
[62/111] Building C object lib/CMakeFiles/mbedtls.dir/C_/Users/Diversecity/pico-sdk/lib/mbedtls/library/psa_crypto_aead.c.obj
[63/111] Building C object lib/CMakeFiles/mbedtls.dir/C_/Users/Diversecity/pico-sdk/lib/mbedtls/library/psa_crypto_cipher.c.obj
[64/111] Performing configure step for 'enc_bootloader'
-- The C compiler identification is GNU 16.2.0
-- The CXX compiler identification is GNU 16.2.0
-- The ASM compiler identification is GNU
-- Found assembler: C:/Users/Diversecity/Downloads/winlibs-x86_64-posix-seh-gcc-16.2.0-mingw-w64ucrt-14.0.0-r1/mingw64/bin/gcc.exe
-- Detecting C compiler ABI info
-- Detecting C compiler ABI info - done
-- Check for working C compiler: C:/Users/Diversecity/Downloads/winlibs-x86_64-posix-seh-gcc-16.2.0-mingw-w64ucrt-14.0.0-r1/mingw64/bin/gcc.exe - skipped
-- Detecting C compile features
-- Detecting C compile features - done
-- Detecting CXX compiler ABI info
-- Detecting CXX compiler ABI info - done
-- Check for working CXX compiler: C:/Users/Diversecity/Downloads/winlibs-x86_64-posix-seh-gcc-16.2.0-mingw-w64ucrt-14.0.0-r1/mingw64/bin/c++.exe - skipped
-- Detecting CXX compile features
-- Detecting CXX compile features - done
Using precompiled enc_bootloader.elf
-- Configuring done (13.6s)
-- Generating done (0.4s)
-- Build files have been written to: C:/Users/Diversecity/Desktop/picoboot-bt to picoboot2w/PicoBoot-BT-2W/build/pico2_w/_deps/picotool-build/enc_bootloader
[65/111] Building C object lib/CMakeFiles/mbedtls.dir/C_/Users/Diversecity/pico-sdk/lib/mbedtls/library/psa_crypto_client.c.obj
[66/111] Performing configure step for 'enc_bootloader_mbedtls'
-- The C compiler identification is GNU 16.2.0
-- The CXX compiler identification is GNU 16.2.0
-- The ASM compiler identification is GNU
-- Found assembler: C:/Users/Diversecity/Downloads/winlibs-x86_64-posix-seh-gcc-16.2.0-mingw-w64ucrt-14.0.0-r1/mingw64/bin/gcc.exe
-- Detecting C compiler ABI info
-- Detecting C compiler ABI info - done
-- Check for working C compiler: C:/Users/Diversecity/Downloads/winlibs-x86_64-posix-seh-gcc-16.2.0-mingw-w64ucrt-14.0.0-r1/mingw64/bin/gcc.exe - skipped
-- Detecting C compile features
-- Detecting C compile features - done
-- Detecting CXX compiler ABI info
-- Detecting CXX compiler ABI info - done
-- Check for working CXX compiler: C:/Users/Diversecity/Downloads/winlibs-x86_64-posix-seh-gcc-16.2.0-mingw-w64ucrt-14.0.0-r1/mingw64/bin/c++.exe - skipped
-- Detecting CXX compile features
-- Detecting CXX compile features - done
Using precompiled enc_bootloader.elf
-- Configuring done (14.1s)
-- Generating done (0.3s)
-- Build files have been written to: C:/Users/Diversecity/Desktop/picoboot-bt to picoboot2w/PicoBoot-BT-2W/build/pico2_w/_deps/picotool-build/enc_bootloader_mbedtls
[67/111] Building C object lib/CMakeFiles/mbedtls.dir/C_/Users/Diversecity/pico-sdk/lib/mbedtls/library/psa_crypto_ecp.c.obj
[68/111] Building C object lib/CMakeFiles/mbedtls.dir/C_/Users/Diversecity/pico-sdk/lib/mbedtls/library/psa_crypto_hash.c.obj
[69/111] Building C object lib/CMakeFiles/mbedtls.dir/C_/Users/Diversecity/pico-sdk/lib/mbedtls/library/psa_crypto_mac.c.obj
[70/111] Performing build step for 'enc_bootloader'
ninja: no work to do.
[71/111] Building C object lib/CMakeFiles/mbedtls.dir/C_/Users/Diversecity/pico-sdk/lib/mbedtls/library/psa_crypto_rsa.c.obj
[72/111] Performing build step for 'enc_bootloader_mbedtls'
ninja: no work to do.
[73/111] Building C object lib/CMakeFiles/mbedtls.dir/C_/Users/Diversecity/pico-sdk/lib/mbedtls/library/psa_crypto_se.c.obj
[74/111] No install step for 'enc_bootloader'
[75/111] Building C object lib/CMakeFiles/mbedtls.dir/C_/Users/Diversecity/pico-sdk/lib/mbedtls/library/psa_crypto_slot_management.c.obj
[76/111] Building C object lib/CMakeFiles/mbedtls.dir/C_/Users/Diversecity/pico-sdk/lib/mbedtls/library/psa_crypto_storage.c.obj
[77/111] No install step for 'enc_bootloader_mbedtls'
[78/111] Building C object lib/CMakeFiles/mbedtls.dir/C_/Users/Diversecity/pico-sdk/lib/mbedtls/library/psa_its_file.c.obj
[79/111] Building C object lib/CMakeFiles/mbedtls.dir/C_/Users/Diversecity/pico-sdk/lib/mbedtls/library/ripemd160.c.obj
[80/111] Building C object lib/CMakeFiles/mbedtls.dir/C_/Users/Diversecity/pico-sdk/lib/mbedtls/library/rsa.c.obj
[81/111] Building C object lib/CMakeFiles/mbedtls.dir/C_/Users/Diversecity/pico-sdk/lib/mbedtls/library/platform_util.c.obj
[82/111] Completed 'enc_bootloader'
[83/111] Completed 'enc_bootloader_mbedtls'
[84/111] Building C object lib/CMakeFiles/mbedtls.dir/C_/Users/Diversecity/pico-sdk/lib/mbedtls/library/threading.c.obj
[85/111] Building C object lib/CMakeFiles/mbedtls.dir/C_/Users/Diversecity/pico-sdk/lib/mbedtls/library/sha256.c.obj
[86/111] Building C object lib/CMakeFiles/mbedtls.dir/C_/Users/Diversecity/pico-sdk/lib/mbedtls/library/version.c.obj
[87/111] Building C object lib/CMakeFiles/mbedtls.dir/C_/Users/Diversecity/pico-sdk/lib/mbedtls/library/sha512.c.obj
[88/111] Building C object lib/CMakeFiles/mbedtls.dir/C_/Users/Diversecity/pico-sdk/lib/mbedtls/library/sha1.c.obj
[89/111] Building C object lib/CMakeFiles/mbedtls.dir/C_/Users/Diversecity/pico-sdk/lib/mbedtls/library/version_features.c.obj
[90/111] Building C object lib/CMakeFiles/mbedtls.dir/C_/Users/Diversecity/pico-sdk/lib/mbedtls/library/rsa_alt_helpers.c.obj
[91/111] Building C object lib/CMakeFiles/mbedtls.dir/C_/Users/Diversecity/pico-sdk/lib/mbedtls/library/pk_ecc.c.obj
[92/111] Linking CXX static library model\libmodel.a
[93/111] Configuring enc_bootloader_elf.h
[94/111] Building C object lib/CMakeFiles/mbedtls.dir/C_/Users/Diversecity/pico-sdk/lib/mbedtls/library/bignum_core.c.obj
[95/111] Configuring enc_bootloader_mbedtls_elf.h
[96/111] Building C object lib/CMakeFiles/mbedtls.dir/C_/Users/Diversecity/pico-sdk/lib/mbedtls/library/timing.c.obj
[97/111] Building C object bintool/CMakeFiles/bintool.dir/mbedtls_wrapper.c.obj
[98/111] Building CXX object CMakeFiles/picotool.dir/data_locs.cpp.obj
[99/111] Linking C static library lib\libmbedtls.a
[100/111] Building CXX object CMakeFiles/picotool.dir/get_enc_bootloader.cpp.obj
[101/111] Building CXX object elf2uf2/CMakeFiles/elf2uf2.dir/elf2uf2.cpp.obj
[102/111] Building CXX object CMakeFiles/picotool.dir/no_otp.cpp.obj
[103/111] Building C object CMakeFiles/picotool.dir/lib/whereami/whereami.c.obj
[104/111] Building CXX object elf/CMakeFiles/elf.dir/elf_file.cpp.obj
[105/111] Linking CXX static library elf\libelf.a
[106/111] Linking CXX static library elf2uf2\libelf2uf2.a
[107/111] Building CXX object CMakeFiles/picotool.dir/lib/whereami/whereami++.cpp.obj
[108/111] Building CXX object bintool/CMakeFiles/bintool.dir/bintool.cpp.obj
[109/111] Linking CXX static library bintool\libbintool.a
[110/111] Building CXX object CMakeFiles/picotool.dir/main.cpp.obj
[111/111] Linking CXX executable picotool.exe
[19/479] Performing install step for 'picotoolBuild'
[1/7] Performing build step for 'enc_bootloader'
ninja: no work to do.
[2/7] Performing build step for 'enc_bootloader_mbedtls'
ninja: no work to do.
[3/7] No install step for 'enc_bootloader'
[4/7] No install step for 'enc_bootloader_mbedtls'
[5/7] Completed 'enc_bootloader'
[6/7] Completed 'enc_bootloader_mbedtls'
[6/7] Install the project...
-- Install configuration: "Release"
[20/479] Performing test step for 'picotoolBuild'
picotool v2.3.0 (Windows, GNU-16.2.0, Release)

This version of picotool was compiled without USB support. Some commands are not available.
[21/479] Completed 'picotoolBuild'
[22/479] Building ASM object pico-sdk/src/rp2350/boot_stage2/CMakeFiles/bs2_default.dir/compile_time_choice.S.obj
[23/479] Linking ASM executable pico-sdk\src\rp2350\boot_stage2\bs2_default.elf
[24/479] Generating bs2_default.bin
[25/479] Generating bs2_default_padded.S
[26/479] Building ASM object pico-sdk/src/rp2350/boot_stage2/CMakeFiles/bs2_default_library.dir/bs2_default_padded.S.obj
[27/479] Building C object libbluepad32/CMakeFiles/bluepad32.dir/bt/uni_bt_hci_cmd.c.obj
cc1.exe: warning: command-line option '-Winvalid-offsetof' is valid for C++/ObjC++ but not for C
[28/479] Building C object libbluepad32/CMakeFiles/bluepad32.dir/bt/uni_bt.c.obj
cc1.exe: warning: command-line option '-Winvalid-offsetof' is valid for C++/ObjC++ but not for C
[29/479] Building C object libbluepad32/CMakeFiles/bluepad32.dir/bt/uni_bt_allowlist.c.obj
cc1.exe: warning: command-line option '-Winvalid-offsetof' is valid for C++/ObjC++ but not for C
[30/479] Building C object libbluepad32/CMakeFiles/bluepad32.dir/bt/uni_bt_conn.c.obj
cc1.exe: warning: command-line option '-Winvalid-offsetof' is valid for C++/ObjC++ but not for C
[31/479] Building C object libbluepad32/CMakeFiles/bluepad32.dir/bt/uni_bt_le.c.obj
cc1.exe: warning: command-line option '-Winvalid-offsetof' is valid for C++/ObjC++ but not for C
[32/479] Building C object libbluepad32/CMakeFiles/bluepad32.dir/bt/uni_bt_service.c.obj
cc1.exe: warning: command-line option '-Winvalid-offsetof' is valid for C++/ObjC++ but not for C
[33/479] Building C object libbluepad32/CMakeFiles/bluepad32.dir/controller/uni_balance_board.c.obj
cc1.exe: warning: command-line option '-Winvalid-offsetof' is valid for C++/ObjC++ but not for C
[34/479] Building C object libbluepad32/CMakeFiles/bluepad32.dir/bt/uni_bt_setup.c.obj
cc1.exe: warning: command-line option '-Winvalid-offsetof' is valid for C++/ObjC++ but not for C
[35/479] Building C object libbluepad32/CMakeFiles/bluepad32.dir/controller/uni_controller.c.obj
cc1.exe: warning: command-line option '-Winvalid-offsetof' is valid for C++/ObjC++ but not for C
[36/479] Building C object libbluepad32/CMakeFiles/bluepad32.dir/controller/uni_controller_type.c.obj
cc1.exe: warning: command-line option '-Winvalid-offsetof' is valid for C++/ObjC++ but not for C
[37/479] Building C object libbluepad32/CMakeFiles/bluepad32.dir/controller/uni_gamepad.c.obj
cc1.exe: warning: command-line option '-Winvalid-offsetof' is valid for C++/ObjC++ but not for C
[38/479] Building C object libbluepad32/CMakeFiles/bluepad32.dir/controller/uni_keyboard.c.obj
cc1.exe: warning: command-line option '-Winvalid-offsetof' is valid for C++/ObjC++ but not for C
[39/479] Building C object libbluepad32/CMakeFiles/bluepad32.dir/parser/uni_hid_parser.c.obj
cc1.exe: warning: command-line option '-Winvalid-offsetof' is valid for C++/ObjC++ but not for C
[40/479] Building C object libbluepad32/CMakeFiles/bluepad32.dir/parser/uni_hid_parser_8bitdo.c.obj
cc1.exe: warning: command-line option '-Winvalid-offsetof' is valid for C++/ObjC++ but not for C
[41/479] Building C object libbluepad32/CMakeFiles/bluepad32.dir/controller/uni_mouse.c.obj
cc1.exe: warning: command-line option '-Winvalid-offsetof' is valid for C++/ObjC++ but not for C
[42/479] Building C object libbluepad32/CMakeFiles/bluepad32.dir/parser/uni_hid_parser_android.c.obj
cc1.exe: warning: command-line option '-Winvalid-offsetof' is valid for C++/ObjC++ but not for C
[43/479] Building C object libbluepad32/CMakeFiles/bluepad32.dir/parser/uni_hid_parser_atari.c.obj
cc1.exe: warning: command-line option '-Winvalid-offsetof' is valid for C++/ObjC++ but not for C
[44/479] Building C object libbluepad32/CMakeFiles/bluepad32.dir/parser/uni_hid_parser_generic.c.obj
cc1.exe: warning: command-line option '-Winvalid-offsetof' is valid for C++/ObjC++ but not for C
[45/479] Building C object libbluepad32/CMakeFiles/bluepad32.dir/parser/uni_hid_parser_ds3.c.obj
cc1.exe: warning: command-line option '-Winvalid-offsetof' is valid for C++/ObjC++ but not for C
[46/479] Building C object libbluepad32/CMakeFiles/bluepad32.dir/parser/uni_hid_parser_icade.c.obj
cc1.exe: warning: command-line option '-Winvalid-offsetof' is valid for C++/ObjC++ but not for C
[47/479] Building C object libbluepad32/CMakeFiles/bluepad32.dir/parser/uni_hid_parser_ds4.c.obj
cc1.exe: warning: command-line option '-Winvalid-offsetof' is valid for C++/ObjC++ but not for C
[48/479] Building C object libbluepad32/CMakeFiles/bluepad32.dir/parser/uni_hid_parser_ds5.c.obj
cc1.exe: warning: command-line option '-Winvalid-offsetof' is valid for C++/ObjC++ but not for C
[49/479] Building C object libbluepad32/CMakeFiles/bluepad32.dir/parser/uni_hid_parser_keyboard.c.obj
cc1.exe: warning: command-line option '-Winvalid-offsetof' is valid for C++/ObjC++ but not for C
[50/479] Building C object libbluepad32/CMakeFiles/bluepad32.dir/parser/uni_hid_parser_nimbus.c.obj
cc1.exe: warning: command-line option '-Winvalid-offsetof' is valid for C++/ObjC++ but not for C
[51/479] Building C object libbluepad32/CMakeFiles/bluepad32.dir/parser/uni_hid_parser_mouse.c.obj
cc1.exe: warning: command-line option '-Winvalid-offsetof' is valid for C++/ObjC++ but not for C
[52/479] Building C object libbluepad32/CMakeFiles/bluepad32.dir/parser/uni_hid_parser_ouya.c.obj
cc1.exe: warning: command-line option '-Winvalid-offsetof' is valid for C++/ObjC++ but not for C
[53/479] Building C object libbluepad32/CMakeFiles/bluepad32.dir/parser/uni_hid_parser_psmove.c.obj
cc1.exe: warning: command-line option '-Winvalid-offsetof' is valid for C++/ObjC++ but not for C
[54/479] Building C object libbluepad32/CMakeFiles/bluepad32.dir/parser/uni_hid_parser_smarttvremote.c.obj
cc1.exe: warning: command-line option '-Winvalid-offsetof' is valid for C++/ObjC++ but not for C
[55/479] Building C object libbluepad32/CMakeFiles/bluepad32.dir/parser/uni_hid_parser_stadia.c.obj
cc1.exe: warning: command-line option '-Winvalid-offsetof' is valid for C++/ObjC++ but not for C
[56/479] Building C object libbluepad32/CMakeFiles/bluepad32.dir/parser/uni_hid_parser_steam.c.obj
cc1.exe: warning: command-line option '-Winvalid-offsetof' is valid for C++/ObjC++ but not for C
[57/479] Building C object libbluepad32/CMakeFiles/bluepad32.dir/platform/uni_platform.c.obj
cc1.exe: warning: command-line option '-Winvalid-offsetof' is valid for C++/ObjC++ but not for C
[58/479] Building C object libbluepad32/CMakeFiles/bluepad32.dir/uni_circular_buffer.c.obj
cc1.exe: warning: command-line option '-Winvalid-offsetof' is valid for C++/ObjC++ but not for C
[59/479] Building C object libbluepad32/CMakeFiles/bluepad32.dir/parser/uni_hid_parser_xboxone.c.obj
cc1.exe: warning: command-line option '-Winvalid-offsetof' is valid for C++/ObjC++ but not for C
[60/479] Building C object libbluepad32/CMakeFiles/bluepad32.dir/parser/uni_hid_parser_switch.c.obj
cc1.exe: warning: command-line option '-Winvalid-offsetof' is valid for C++/ObjC++ but not for C
[61/479] Building C object libbluepad32/CMakeFiles/bluepad32.dir/parser/uni_hid_parser_wii.c.obj
cc1.exe: warning: command-line option '-Winvalid-offsetof' is valid for C++/ObjC++ but not for C
[62/479] Building C object libbluepad32/CMakeFiles/bluepad32.dir/uni_init.c.obj
cc1.exe: warning: command-line option '-Winvalid-offsetof' is valid for C++/ObjC++ but not for C
[63/479] Building C object libbluepad32/CMakeFiles/bluepad32.dir/uni_log.c.obj
cc1.exe: warning: command-line option '-Winvalid-offsetof' is valid for C++/ObjC++ but not for C
[64/479] Building C object libbluepad32/CMakeFiles/bluepad32.dir/uni_property.c.obj
cc1.exe: warning: command-line option '-Winvalid-offsetof' is valid for C++/ObjC++ but not for C
[65/479] Building C object libbluepad32/CMakeFiles/bluepad32.dir/uni_joystick.c.obj
cc1.exe: warning: command-line option '-Winvalid-offsetof' is valid for C++/ObjC++ but not for C
[66/479] Building C object libbluepad32/CMakeFiles/bluepad32.dir/uni_utils.c.obj
cc1.exe: warning: command-line option '-Winvalid-offsetof' is valid for C++/ObjC++ but not for C
[67/479] Building C object libbluepad32/CMakeFiles/bluepad32.dir/uni_hid_device.c.obj
cc1.exe: warning: command-line option '-Winvalid-offsetof' is valid for C++/ObjC++ but not for C
[68/479] Building C object libbluepad32/CMakeFiles/bluepad32.dir/uni_version.c.obj
cc1.exe: warning: command-line option '-Winvalid-offsetof' is valid for C++/ObjC++ but not for C
[69/479] Building C object libbluepad32/CMakeFiles/bluepad32.dir/uni_virtual_device.c.obj
cc1.exe: warning: command-line option '-Winvalid-offsetof' is valid for C++/ObjC++ but not for C
[70/479] Building C object libbluepad32/CMakeFiles/bluepad32.dir/arch/uni_console_pico.c.obj
cc1.exe: warning: command-line option '-Winvalid-offsetof' is valid for C++/ObjC++ but not for C
[71/479] Building C object libbluepad32/CMakeFiles/bluepad32.dir/arch/uni_system_pico.c.obj
cc1.exe: warning: command-line option '-Winvalid-offsetof' is valid for C++/ObjC++ but not for C
[72/479] Building C object libbluepad32/CMakeFiles/bluepad32.dir/bt/uni_bt_sdp.c.obj
cc1.exe: warning: command-line option '-Winvalid-offsetof' is valid for C++/ObjC++ but not for C
[73/479] Building C object libbluepad32/CMakeFiles/bluepad32.dir/bt/uni_bt_bredr.c.obj
cc1.exe: warning: command-line option '-Winvalid-offsetof' is valid for C++/ObjC++ but not for C
[74/479] Building C object libbluepad32/CMakeFiles/bluepad32.dir/arch/uni_log_pico.c.obj
cc1.exe: warning: command-line option '-Winvalid-offsetof' is valid for C++/ObjC++ but not for C
[75/479] Building C object libbluepad32/CMakeFiles/bluepad32.dir/arch/uni_property_pico.c.obj
cc1.exe: warning: command-line option '-Winvalid-offsetof' is valid for C++/ObjC++ but not for C
[76/479] Building C object libbluepad32/CMakeFiles/bluepad32.dir/C_/Users/Diversecity/pico-sdk/src/rp2350/pico_platform/platform.c.obj
cc1.exe: warning: command-line option '-Winvalid-offsetof' is valid for C++/ObjC++ but not for C
[77/479] Building C object libbluepad32/CMakeFiles/bluepad32.dir/C_/Users/Diversecity/pico-sdk/src/rp2_common/pico_stdlib/stdlib.c.obj
cc1.exe: warning: command-line option '-Winvalid-offsetof' is valid for C++/ObjC++ but not for C
[78/479] Building ASM object libbluepad32/CMakeFiles/bluepad32.dir/C_/Users/Diversecity/pico-sdk/src/rp2_common/pico_platform_panic/custom_panic_function.S.obj
[79/479] Building C object libbluepad32/CMakeFiles/bluepad32.dir/C_/Users/Diversecity/pico-sdk/src/rp2_common/pico_platform_common/common.c.obj
cc1.exe: warning: command-line option '-Winvalid-offsetof' is valid for C++/ObjC++ but not for C
[80/479] Building C object libbluepad32/CMakeFiles/bluepad32.dir/C_/Users/Diversecity/pico-sdk/src/rp2_common/hardware_gpio/gpio.c.obj
cc1.exe: warning: command-line option '-Winvalid-offsetof' is valid for C++/ObjC++ but not for C
[81/479] Building C object libbluepad32/CMakeFiles/bluepad32.dir/C_/Users/Diversecity/pico-sdk/src/rp2_common/pico_platform_panic/panic.c.obj
cc1.exe: warning: command-line option '-Winvalid-offsetof' is valid for C++/ObjC++ but not for C
[82/479] Building C object libbluepad32/CMakeFiles/bluepad32.dir/C_/Users/Diversecity/pico-sdk/src/common/hardware_claim/claim.c.obj
cc1.exe: warning: command-line option '-Winvalid-offsetof' is valid for C++/ObjC++ but not for C
[83/479] Building C object libbluepad32/CMakeFiles/bluepad32.dir/C_/Users/Diversecity/pico-sdk/src/rp2_common/hardware_sync/sync.c.obj
cc1.exe: warning: command-line option '-Winvalid-offsetof' is valid for C++/ObjC++ but not for C
[84/479] Building ASM object libbluepad32/CMakeFiles/bluepad32.dir/C_/Users/Diversecity/pico-sdk/src/rp2_common/hardware_irq/irq_handler_chain.S.obj
[85/479] Building C object libbluepad32/CMakeFiles/bluepad32.dir/C_/Users/Diversecity/pico-sdk/src/rp2_common/hardware_sync_spin_lock/sync_spin_lock.c.obj
cc1.exe: warning: command-line option '-Winvalid-offsetof' is valid for C++/ObjC++ but not for C
[86/479] Building C object libbluepad32/CMakeFiles/bluepad32.dir/C_/Users/Diversecity/pico-sdk/src/common/pico_sync/sem.c.obj
cc1.exe: warning: command-line option '-Winvalid-offsetof' is valid for C++/ObjC++ but not for C
[87/479] Building C object libbluepad32/CMakeFiles/bluepad32.dir/C_/Users/Diversecity/pico-sdk/src/rp2_common/hardware_irq/irq.c.obj
cc1.exe: warning: command-line option '-Winvalid-offsetof' is valid for C++/ObjC++ but not for C
[88/479] Building C object libbluepad32/CMakeFiles/bluepad32.dir/C_/Users/Diversecity/pico-sdk/src/common/pico_sync/lock_core.c.obj
cc1.exe: warning: command-line option '-Winvalid-offsetof' is valid for C++/ObjC++ but not for C
[89/479] Building C object libbluepad32/CMakeFiles/bluepad32.dir/C_/Users/Diversecity/pico-sdk/src/common/pico_sync/critical_section.c.obj
cc1.exe: warning: command-line option '-Winvalid-offsetof' is valid for C++/ObjC++ but not for C
[90/479] Building C object libbluepad32/CMakeFiles/bluepad32.dir/C_/Users/Diversecity/pico-sdk/src/common/pico_sync/mutex.c.obj
cc1.exe: warning: command-line option '-Winvalid-offsetof' is valid for C++/ObjC++ but not for C
[91/479] Building C object libbluepad32/CMakeFiles/bluepad32.dir/C_/Users/Diversecity/pico-sdk/src/common/pico_time/timeout_helper.c.obj
cc1.exe: warning: command-line option '-Winvalid-offsetof' is valid for C++/ObjC++ but not for C
[92/479] Building C object libbluepad32/CMakeFiles/bluepad32.dir/C_/Users/Diversecity/pico-sdk/src/common/pico_time/time.c.obj
cc1.exe: warning: command-line option '-Winvalid-offsetof' is valid for C++/ObjC++ but not for C
[93/479] Building C object libbluepad32/CMakeFiles/bluepad32.dir/C_/Users/Diversecity/pico-sdk/src/common/pico_util/fixed_bitset.c.obj
cc1.exe: warning: command-line option '-Winvalid-offsetof' is valid for C++/ObjC++ but not for C
[94/479] Building C object libbluepad32/CMakeFiles/bluepad32.dir/C_/Users/Diversecity/pico-sdk/src/common/pico_util/datetime.c.obj
cc1.exe: warning: command-line option '-Winvalid-offsetof' is valid for C++/ObjC++ but not for C
[95/479] Building C object libbluepad32/CMakeFiles/bluepad32.dir/C_/Users/Diversecity/pico-sdk/src/rp2_common/hardware_timer/timer.c.obj
cc1.exe: warning: command-line option '-Winvalid-offsetof' is valid for C++/ObjC++ but not for C
[96/479] Building C object libbluepad32/CMakeFiles/bluepad32.dir/C_/Users/Diversecity/pico-sdk/src/common/pico_util/pheap.c.obj
cc1.exe: warning: command-line option '-Winvalid-offsetof' is valid for C++/ObjC++ but not for C
[97/479] Building C object libbluepad32/CMakeFiles/bluepad32.dir/C_/Users/Diversecity/pico-sdk/src/common/pico_util/queue.c.obj
cc1.exe: warning: command-line option '-Winvalid-offsetof' is valid for C++/ObjC++ but not for C
[98/479] Building C object libbluepad32/CMakeFiles/bluepad32.dir/C_/Users/Diversecity/pico-sdk/src/rp2_common/hardware_uart/uart.c.obj
cc1.exe: warning: command-line option '-Winvalid-offsetof' is valid for C++/ObjC++ but not for C
[99/479] Building C object libbluepad32/CMakeFiles/bluepad32.dir/C_/Users/Diversecity/pico-sdk/src/rp2_common/hardware_pll/pll.c.obj
cc1.exe: warning: command-line option '-Winvalid-offsetof' is valid for C++/ObjC++ but not for C
[100/479] Building C object libbluepad32/CMakeFiles/bluepad32.dir/C_/Users/Diversecity/pico-sdk/src/rp2_common/hardware_vreg/vreg.c.obj
cc1.exe: warning: command-line option '-Winvalid-offsetof' is valid for C++/ObjC++ but not for C
[101/479] Building C object libbluepad32/CMakeFiles/bluepad32.dir/C_/Users/Diversecity/pico-sdk/src/rp2_common/hardware_clocks/clocks.c.obj
cc1.exe: warning: command-line option '-Winvalid-offsetof' is valid for C++/ObjC++ but not for C
[102/479] Building C object libbluepad32/CMakeFiles/bluepad32.dir/C_/Users/Diversecity/pico-sdk/src/rp2_common/hardware_watchdog/watchdog.c.obj
cc1.exe: warning: command-line option '-Winvalid-offsetof' is valid for C++/ObjC++ but not for C
[103/479] Building C object libbluepad32/CMakeFiles/bluepad32.dir/C_/Users/Diversecity/pico-sdk/src/rp2_common/hardware_ticks/ticks.c.obj
cc1.exe: warning: command-line option '-Winvalid-offsetof' is valid for C++/ObjC++ but not for C
[104/479] Building C object libbluepad32/CMakeFiles/bluepad32.dir/C_/Users/Diversecity/pico-sdk/src/rp2_common/pico_bootrom/bootrom_lock.c.obj
cc1.exe: warning: command-line option '-Winvalid-offsetof' is valid for C++/ObjC++ but not for C
[105/479] Building C object libbluepad32/CMakeFiles/bluepad32.dir/C_/Users/Diversecity/pico-sdk/src/rp2_common/pico_bootrom/bootrom.c.obj
cc1.exe: warning: command-line option '-Winvalid-offsetof' is valid for C++/ObjC++ but not for C
[106/479] Building C object libbluepad32/CMakeFiles/bluepad32.dir/C_/Users/Diversecity/pico-sdk/src/rp2_common/pico_flash/flash.c.obj
cc1.exe: warning: command-line option '-Winvalid-offsetof' is valid for C++/ObjC++ but not for C
[107/479] Building C object libbluepad32/CMakeFiles/bluepad32.dir/C_/Users/Diversecity/pico-sdk/src/rp2_common/hardware_boot_lock/boot_lock.c.obj
cc1.exe: warning: command-line option '-Winvalid-offsetof' is valid for C++/ObjC++ but not for C
[108/479] Building C object libbluepad32/CMakeFiles/bluepad32.dir/C_/Users/Diversecity/pico-sdk/src/rp2_common/pico_runtime/runtime.c.obj
cc1.exe: warning: command-line option '-Winvalid-offsetof' is valid for C++/ObjC++ but not for C
[109/479] Building C object libbluepad32/CMakeFiles/bluepad32.dir/C_/Users/Diversecity/pico-sdk/src/rp2_common/hardware_divider/divider.c.obj
cc1.exe: warning: command-line option '-Winvalid-offsetof' is valid for C++/ObjC++ but not for C
[110/479] Building C object libbluepad32/CMakeFiles/bluepad32.dir/C_/Users/Diversecity/pico-sdk/src/rp2_common/hardware_xosc/xosc.c.obj
cc1.exe: warning: command-line option '-Winvalid-offsetof' is valid for C++/ObjC++ but not for C
[111/479] Building C object libbluepad32/CMakeFiles/bluepad32.dir/C_/Users/Diversecity/pico-sdk/src/rp2_common/pico_runtime_init/runtime_init.c.obj
cc1.exe: warning: command-line option '-Winvalid-offsetof' is valid for C++/ObjC++ but not for C
[112/479] Building ASM object libbluepad32/CMakeFiles/bluepad32.dir/C_/Users/Diversecity/pico-sdk/src/rp2_common/pico_bit_ops/bit_ops_aeabi.S.obj
[113/479] Building C object libbluepad32/CMakeFiles/bluepad32.dir/C_/Users/Diversecity/pico-sdk/src/rp2_common/pico_runtime_init/runtime_init_stack_guard.c.obj
cc1.exe: warning: command-line option '-Winvalid-offsetof' is valid for C++/ObjC++ but not for C
[114/479] Building C object libbluepad32/CMakeFiles/bluepad32.dir/C_/Users/Diversecity/pico-sdk/src/rp2_common/pico_runtime_init/runtime_init_clocks.c.obj
cc1.exe: warning: command-line option '-Winvalid-offsetof' is valid for C++/ObjC++ but not for C
[115/479] Building ASM object libbluepad32/CMakeFiles/bluepad32.dir/C_/Users/Diversecity/pico-sdk/src/rp2_common/pico_double/double_aeabi_dcp.S.obj
[116/479] Building ASM object libbluepad32/CMakeFiles/bluepad32.dir/C_/Users/Diversecity/pico-sdk/src/rp2_common/pico_double/double_fma_dcp.S.obj
[117/479] Building C object libbluepad32/CMakeFiles/bluepad32.dir/C_/Users/Diversecity/pico-sdk/src/rp2_common/pico_divider/divider_compiler.c.obj
cc1.exe: warning: command-line option '-Winvalid-offsetof' is valid for C++/ObjC++ but not for C
[118/479] Building ASM object libbluepad32/CMakeFiles/bluepad32.dir/C_/Users/Diversecity/pico-sdk/src/rp2_common/pico_double/double_sci_m33.S.obj
[119/479] Building ASM object libbluepad32/CMakeFiles/bluepad32.dir/C_/Users/Diversecity/pico-sdk/src/rp2_common/pico_double/double_conv_m33.S.obj
[120/479] Building ASM object libbluepad32/CMakeFiles/bluepad32.dir/C_/Users/Diversecity/pico-sdk/src/rp2_common/pico_float/float_conv32_vfp.S.obj
[121/479] Building ASM object libbluepad32/CMakeFiles/bluepad32.dir/C_/Users/Diversecity/pico-sdk/src/rp2_common/pico_float/float_sci_m33_vfp.S.obj
[122/479] Building ASM object libbluepad32/CMakeFiles/bluepad32.dir/C_/Users/Diversecity/pico-sdk/src/rp2_common/pico_float/float_common_m33.S.obj
[123/479] Building C object libbluepad32/CMakeFiles/bluepad32.dir/C_/Users/Diversecity/pico-sdk/src/rp2_common/pico_malloc/malloc.c.obj
cc1.exe: warning: command-line option '-Winvalid-offsetof' is valid for C++/ObjC++ but not for C
[124/479] Building C object libbluepad32/CMakeFiles/bluepad32.dir/C_/Users/Diversecity/pico-sdk/src/rp2_common/pico_double/double_math.c.obj
cc1.exe: warning: command-line option '-Winvalid-offsetof' is valid for C++/ObjC++ but not for C
[125/479] Building C object libbluepad32/CMakeFiles/bluepad32.dir/C_/Users/Diversecity/pico-sdk/src/rp2_common/pico_standard_binary_info/standard_binary_info.c.obj
cc1.exe: warning: command-line option '-Winvalid-offsetof' is valid for C++/ObjC++ but not for C
[126/479] Building CXX object libbluepad32/CMakeFiles/bluepad32.dir/C_/Users/Diversecity/pico-sdk/src/rp2_common/pico_cxx_options/new_delete.cpp.obj
[127/479] Building C object libbluepad32/CMakeFiles/bluepad32.dir/C_/Users/Diversecity/pico-sdk/src/rp2_common/pico_atomic/atomic.c.obj
cc1.exe: warning: command-line option '-Winvalid-offsetof' is valid for C++/ObjC++ but not for C
[128/479] Building C object libbluepad32/CMakeFiles/bluepad32.dir/C_/Users/Diversecity/pico-sdk/src/rp2_common/pico_float/float_math.c.obj
cc1.exe: warning: command-line option '-Winvalid-offsetof' is valid for C++/ObjC++ but not for C
[129/479] Building ASM object libbluepad32/CMakeFiles/bluepad32.dir/C_/Users/Diversecity/pico-sdk/src/rp2_common/pico_crt0/crt0.S.obj
[130/479] Building C object libbluepad32/CMakeFiles/bluepad32.dir/C_/Users/Diversecity/pico-sdk/src/rp2_common/pico_printf/printf.c.obj
cc1.exe: warning: command-line option '-Winvalid-offsetof' is valid for C++/ObjC++ but not for C
[131/479] Building C object libbluepad32/CMakeFiles/bluepad32.dir/C_/Users/Diversecity/pico-sdk/src/rp2_common/pico_clib_interface/cxa_guard.c.obj
cc1.exe: warning: command-line option '-Winvalid-offsetof' is valid for C++/ObjC++ but not for C
[132/479] Building C object libbluepad32/CMakeFiles/bluepad32.dir/C_/Users/Diversecity/pico-sdk/src/rp2_common/pico_clib_interface/newlib_interface.c.obj
cc1.exe: warning: command-line option '-Winvalid-offsetof' is valid for C++/ObjC++ but not for C
[133/479] Building C object libbluepad32/CMakeFiles/bluepad32.dir/C_/Users/Diversecity/pico-sdk/src/rp2_common/pico_stdio/stdio.c.obj
cc1.exe: warning: command-line option '-Winvalid-offsetof' is valid for C++/ObjC++ but not for C
[134/479] Building C object libbluepad32/CMakeFiles/bluepad32.dir/C_/Users/Diversecity/pico-sdk/src/rp2_common/pico_thread_local/thread_local.c.obj
cc1.exe: warning: command-line option '-Winvalid-offsetof' is valid for C++/ObjC++ but not for C
[135/479] Building C object libbluepad32/CMakeFiles/bluepad32.dir/C_/Users/Diversecity/pico-sdk/src/rp2_common/pico_stdio_uart/stdio_uart.c.obj
cc1.exe: warning: command-line option '-Winvalid-offsetof' is valid for C++/ObjC++ but not for C
[136/479] Building C object libbluepad32/CMakeFiles/bluepad32.dir/C_/Users/Diversecity/pico-sdk/src/rp2_common/pico_cyw43_arch/cyw43_arch.c.obj
cc1.exe: warning: command-line option '-Winvalid-offsetof' is valid for C++/ObjC++ but not for C
[137/479] Building C object libbluepad32/CMakeFiles/bluepad32.dir/C_/Users/Diversecity/pico-sdk/src/rp2_common/pico_cyw43_arch/cyw43_arch_poll.c.obj
cc1.exe: warning: command-line option '-Winvalid-offsetof' is valid for C++/ObjC++ but not for C
[138/479] Building C object libbluepad32/CMakeFiles/bluepad32.dir/C_/Users/Diversecity/pico-sdk/src/rp2_common/pico_cyw43_arch/cyw43_arch_freertos.c.obj
cc1.exe: warning: command-line option '-Winvalid-offsetof' is valid for C++/ObjC++ but not for C
[139/479] Building C object libbluepad32/CMakeFiles/bluepad32.dir/C_/Users/Diversecity/pico-sdk/src/rp2_common/pico_cyw43_arch/cyw43_arch_threadsafe_background.c.obj
cc1.exe: warning: command-line option '-Winvalid-offsetof' is valid for C++/ObjC++ but not for C
[140/479] Building C object libbluepad32/CMakeFiles/bluepad32.dir/C_/Users/Diversecity/pico-sdk/src/rp2_common/pico_unique_id/unique_id.c.obj
cc1.exe: warning: command-line option '-Winvalid-offsetof' is valid for C++/ObjC++ but not for C
[141/479] Building C object libbluepad32/CMakeFiles/bluepad32.dir/C_/Users/Diversecity/pico-sdk/src/rp2_common/hardware_flash/flash.c.obj
cc1.exe: warning: command-line option '-Winvalid-offsetof' is valid for C++/ObjC++ but not for C
[142/479] Building C object libbluepad32/CMakeFiles/bluepad32.dir/C_/Users/Diversecity/pico-sdk/src/rp2_common/hardware_xip_cache/xip_cache.c.obj
cc1.exe: warning: command-line option '-Winvalid-offsetof' is valid for C++/ObjC++ but not for C
[143/479] Building C object libbluepad32/CMakeFiles/bluepad32.dir/C_/Users/Diversecity/pico-sdk/lib/cyw43-driver/src/cyw43_stats.c.obj
cc1.exe: warning: command-line option '-Winvalid-offsetof' is valid for C++/ObjC++ but not for C
[144/479] Building C object libbluepad32/CMakeFiles/bluepad32.dir/C_/Users/Diversecity/pico-sdk/lib/cyw43-driver/src/cyw43_lwip.c.obj
cc1.exe: warning: command-line option '-Winvalid-offsetof' is valid for C++/ObjC++ but not for C
[145/479] Building C object libbluepad32/CMakeFiles/bluepad32.dir/C_/Users/Diversecity/pico-sdk/src/rp2_common/pico_cyw43_driver/cyw43_bus_pio_spi.c.obj
cc1.exe: warning: command-line option '-Winvalid-offsetof' is valid for C++/ObjC++ but not for C
[146/479] Building C object libbluepad32/CMakeFiles/bluepad32.dir/C_/Users/Diversecity/pico-sdk/src/rp2_common/pico_cyw43_driver/cybt_shared_bus/cybt_shared_bus.c.obj
cc1.exe: warning: command-line option '-Winvalid-offsetof' is valid for C++/ObjC++ but not for C
[147/479] Building C object libbluepad32/CMakeFiles/bluepad32.dir/C_/Users/Diversecity/pico-sdk/lib/cyw43-driver/src/cyw43_ctrl.c.obj
cc1.exe: warning: command-line option '-Winvalid-offsetof' is valid for C++/ObjC++ but not for C
[148/479] Building C object libbluepad32/CMakeFiles/bluepad32.dir/C_/Users/Diversecity/pico-sdk/src/rp2_common/pico_cyw43_driver/cybt_shared_bus/cybt_shared_bus_driver.c.obj
cc1.exe: warning: command-line option '-Winvalid-offsetof' is valid for C++/ObjC++ but not for C
[149/479] Building C object libbluepad32/CMakeFiles/bluepad32.dir/C_/Users/Diversecity/pico-sdk/src/rp2_common/hardware_dma/dma.c.obj
cc1.exe: warning: command-line option '-Winvalid-offsetof' is valid for C++/ObjC++ but not for C
[150/479] Building C object libbluepad32/CMakeFiles/bluepad32.dir/C_/Users/Diversecity/pico-sdk/src/rp2_common/hardware_pio/pio.c.obj
cc1.exe: warning: command-line option '-Winvalid-offsetof' is valid for C++/ObjC++ but not for C
[151/479] Building C object libbluepad32/CMakeFiles/bluepad32.dir/C_/Users/Diversecity/pico-sdk/src/rp2_common/hardware_exception/exception.c.obj
cc1.exe: warning: command-line option '-Winvalid-offsetof' is valid for C++/ObjC++ but not for C
[152/479] Building C object libbluepad32/CMakeFiles/bluepad32.dir/C_/Users/Diversecity/pico-sdk/src/rp2_common/pico_cyw43_driver/cyw43_driver.c.obj
cc1.exe: warning: command-line option '-Winvalid-offsetof' is valid for C++/ObjC++ but not for C
[153/479] Building C object libbluepad32/CMakeFiles/bluepad32.dir/C_/Users/Diversecity/pico-sdk/src/rp2_common/pico_async_context/async_context_base.c.obj
cc1.exe: warning: command-line option '-Winvalid-offsetof' is valid for C++/ObjC++ but not for C
[154/479] Building C object libbluepad32/CMakeFiles/bluepad32.dir/C_/Users/Diversecity/pico-sdk/src/rp2_common/pico_async_context/async_context_threadsafe_background.c.obj
cc1.exe: warning: command-line option '-Winvalid-offsetof' is valid for C++/ObjC++ but not for C
[155/479] Building C object libbluepad32/CMakeFiles/bluepad32.dir/C_/Users/Diversecity/pico-sdk/lib/cyw43-driver/src/cyw43_ll.c.obj
cc1.exe: warning: command-line option '-Winvalid-offsetof' is valid for C++/ObjC++ but not for C
[156/479] Building C object libbluepad32/CMakeFiles/bluepad32.dir/C_/Users/Diversecity/pico-sdk/lib/btstack/src/ble/att_db_util.c.obj
cc1.exe: warning: command-line option '-Winvalid-offsetof' is valid for C++/ObjC++ but not for C
C:/Users/Diversecity/pico-sdk/lib/btstack/src/ble/att_db_util.c:38:9: warning: "BTSTACK_FILE__" redefined
   38 | #define BTSTACK_FILE__ "att_db_util.c"
      |         ^~~~~~~~~~~~~~
In file included from C:/Users/Diversecity/pico-sdk/lib/btstack/src/btstack.h:62,
                 from C:/Users/Diversecity/Desktop/picoboot-bt to picoboot2w/PicoBoot-BT-2W/src/btstack_hids_compat.h:15,
                 from <command-line>:
C:/Users/Diversecity/pico-sdk/lib/btstack/src/btstack_debug.h:68:9: note: this is the location of the previous definition
   68 | #define BTSTACK_FILE__ __FILE__
      |         ^~~~~~~~~~~~~~
[157/479] Building C object libbluepad32/CMakeFiles/bluepad32.dir/C_/Users/Diversecity/pico-sdk/lib/btstack/src/ble/att_dispatch.c.obj
cc1.exe: warning: command-line option '-Winvalid-offsetof' is valid for C++/ObjC++ but not for C
C:/Users/Diversecity/pico-sdk/lib/btstack/src/ble/att_dispatch.c:38:9: warning: "BTSTACK_FILE__" redefined
   38 | #define BTSTACK_FILE__ "att_dispatch.c"
      |         ^~~~~~~~~~~~~~
In file included from C:/Users/Diversecity/pico-sdk/lib/btstack/src/btstack.h:62,
                 from C:/Users/Diversecity/Desktop/picoboot-bt to picoboot2w/PicoBoot-BT-2W/src/btstack_hids_compat.h:15,
                 from <command-line>:
C:/Users/Diversecity/pico-sdk/lib/btstack/src/btstack_debug.h:68:9: note: this is the location of the previous definition
   68 | #define BTSTACK_FILE__ __FILE__
      |         ^~~~~~~~~~~~~~
[158/479] Building C object libbluepad32/CMakeFiles/bluepad32.dir/C_/Users/Diversecity/pico-sdk/lib/btstack/src/ble/gatt-service/battery_service_server.c.obj
cc1.exe: warning: command-line option '-Winvalid-offsetof' is valid for C++/ObjC++ but not for C
C:/Users/Diversecity/pico-sdk/lib/btstack/src/ble/gatt-service/battery_service_server.c:38:9: warning: "BTSTACK_FILE__" redefined
   38 | #define BTSTACK_FILE__ "battery_service_server.c"
      |         ^~~~~~~~~~~~~~
In file included from C:/Users/Diversecity/pico-sdk/lib/btstack/src/btstack.h:62,
                 from C:/Users/Diversecity/Desktop/picoboot-bt to picoboot2w/PicoBoot-BT-2W/src/btstack_hids_compat.h:15,
                 from <command-line>:
C:/Users/Diversecity/pico-sdk/lib/btstack/src/btstack_debug.h:68:9: note: this is the location of the previous definition
   68 | #define BTSTACK_FILE__ __FILE__
      |         ^~~~~~~~~~~~~~
[159/479] Building C object libbluepad32/CMakeFiles/bluepad32.dir/C_/Users/Diversecity/pico-sdk/lib/btstack/src/ble/gatt-service/battery_service_client.c.obj
cc1.exe: warning: command-line option '-Winvalid-offsetof' is valid for C++/ObjC++ but not for C
C:/Users/Diversecity/pico-sdk/lib/btstack/src/ble/gatt-service/battery_service_client.c:38:9: warning: "BTSTACK_FILE__" redefined
   38 | #define BTSTACK_FILE__ "battery_service_client.c"
      |         ^~~~~~~~~~~~~~
In file included from C:/Users/Diversecity/pico-sdk/lib/btstack/src/btstack.h:62,
                 from C:/Users/Diversecity/Desktop/picoboot-bt to picoboot2w/PicoBoot-BT-2W/src/btstack_hids_compat.h:15,
                 from <command-line>:
C:/Users/Diversecity/pico-sdk/lib/btstack/src/btstack_debug.h:68:9: note: this is the location of the previous definition
   68 | #define BTSTACK_FILE__ __FILE__
      |         ^~~~~~~~~~~~~~
[160/479] Building C object libbluepad32/CMakeFiles/bluepad32.dir/C_/Users/Diversecity/pico-sdk/lib/btstack/src/ble/gatt-service/cycling_speed_and_cadence_service_server.c.obj
cc1.exe: warning: command-line option '-Winvalid-offsetof' is valid for C++/ObjC++ but not for C
C:/Users/Diversecity/pico-sdk/lib/btstack/src/ble/gatt-service/cycling_speed_and_cadence_service_server.c:38:9: warning: "BTSTACK_FILE__" redefined
   38 | #define BTSTACK_FILE__ "cycling_speed_and_cadence_service_server.c"
      |         ^~~~~~~~~~~~~~
In file included from C:/Users/Diversecity/pico-sdk/lib/btstack/src/btstack.h:62,
                 from C:/Users/Diversecity/Desktop/picoboot-bt to picoboot2w/PicoBoot-BT-2W/src/btstack_hids_compat.h:15,
                 from <command-line>:
C:/Users/Diversecity/pico-sdk/lib/btstack/src/btstack_debug.h:68:9: note: this is the location of the previous definition
   68 | #define BTSTACK_FILE__ __FILE__
      |         ^~~~~~~~~~~~~~
[161/479] Building C object libbluepad32/CMakeFiles/bluepad32.dir/C_/Users/Diversecity/pico-sdk/lib/btstack/src/ble/att_server.c.obj
cc1.exe: warning: command-line option '-Winvalid-offsetof' is valid for C++/ObjC++ but not for C
C:/Users/Diversecity/pico-sdk/lib/btstack/src/ble/att_server.c:38:9: warning: "BTSTACK_FILE__" redefined
   38 | #define BTSTACK_FILE__ "att_server.c"
      |         ^~~~~~~~~~~~~~
In file included from C:/Users/Diversecity/pico-sdk/lib/btstack/src/btstack.h:62,
                 from C:/Users/Diversecity/Desktop/picoboot-bt to picoboot2w/PicoBoot-BT-2W/src/btstack_hids_compat.h:15,
                 from <command-line>:
C:/Users/Diversecity/pico-sdk/lib/btstack/src/btstack_debug.h:68:9: note: this is the location of the previous definition
   68 | #define BTSTACK_FILE__ __FILE__
      |         ^~~~~~~~~~~~~~
[162/479] Building C object libbluepad32/CMakeFiles/bluepad32.dir/C_/Users/Diversecity/pico-sdk/lib/btstack/src/ble/att_db.c.obj
cc1.exe: warning: command-line option '-Winvalid-offsetof' is valid for C++/ObjC++ but not for C
C:/Users/Diversecity/pico-sdk/lib/btstack/src/ble/att_db.c:38:9: warning: "BTSTACK_FILE__" redefined
   38 | #define BTSTACK_FILE__ "att_db.c"
      |         ^~~~~~~~~~~~~~
In file included from C:/Users/Diversecity/pico-sdk/lib/btstack/src/btstack.h:62,
                 from C:/Users/Diversecity/Desktop/picoboot-bt to picoboot2w/PicoBoot-BT-2W/src/btstack_hids_compat.h:15,
                 from <command-line>:
C:/Users/Diversecity/pico-sdk/lib/btstack/src/btstack_debug.h:68:9: note: this is the location of the previous definition
   68 | #define BTSTACK_FILE__ __FILE__
      |         ^~~~~~~~~~~~~~
[163/479] Building C object libbluepad32/CMakeFiles/bluepad32.dir/C_/Users/Diversecity/pico-sdk/lib/btstack/src/ble/gatt-service/device_information_service_server.c.obj
cc1.exe: warning: command-line option '-Winvalid-offsetof' is valid for C++/ObjC++ but not for C
C:/Users/Diversecity/pico-sdk/lib/btstack/src/ble/gatt-service/device_information_service_server.c:38:9: warning: "BTSTACK_FILE__" redefined
   38 | #define BTSTACK_FILE__ "device_information_service_server.c"
      |         ^~~~~~~~~~~~~~
In file included from C:/Users/Diversecity/pico-sdk/lib/btstack/src/btstack.h:62,
                 from C:/Users/Diversecity/Desktop/picoboot-bt to picoboot2w/PicoBoot-BT-2W/src/btstack_hids_compat.h:15,
                 from <command-line>:
C:/Users/Diversecity/pico-sdk/lib/btstack/src/btstack_debug.h:68:9: note: this is the location of the previous definition
   68 | #define BTSTACK_FILE__ __FILE__
      |         ^~~~~~~~~~~~~~
[164/479] Building C object libbluepad32/CMakeFiles/bluepad32.dir/C_/Users/Diversecity/pico-sdk/lib/btstack/src/ble/gatt-service/cycling_power_service_server.c.obj
cc1.exe: warning: command-line option '-Winvalid-offsetof' is valid for C++/ObjC++ but not for C
C:/Users/Diversecity/pico-sdk/lib/btstack/src/ble/gatt-service/cycling_power_service_server.c:38:9: warning: "BTSTACK_FILE__" redefined
   38 | #define BTSTACK_FILE__ "cycling_power_service_server.c"
      |         ^~~~~~~~~~~~~~
In file included from C:/Users/Diversecity/pico-sdk/lib/btstack/src/btstack.h:62,
                 from C:/Users/Diversecity/Desktop/picoboot-bt to picoboot2w/PicoBoot-BT-2W/src/btstack_hids_compat.h:15,
                 from <command-line>:
C:/Users/Diversecity/pico-sdk/lib/btstack/src/btstack_debug.h:68:9: note: this is the location of the previous definition
   68 | #define BTSTACK_FILE__ __FILE__
      |         ^~~~~~~~~~~~~~
[165/479] Building C object libbluepad32/CMakeFiles/bluepad32.dir/C_/Users/Diversecity/pico-sdk/lib/btstack/src/ble/gatt-service/device_information_service_client.c.obj
cc1.exe: warning: command-line option '-Winvalid-offsetof' is valid for C++/ObjC++ but not for C
C:/Users/Diversecity/pico-sdk/lib/btstack/src/ble/gatt-service/device_information_service_client.c:38:9: warning: "BTSTACK_FILE__" redefined
   38 | #define BTSTACK_FILE__ "device_information_service_client.c"
      |         ^~~~~~~~~~~~~~
In file included from C:/Users/Diversecity/pico-sdk/lib/btstack/src/btstack.h:62,
                 from C:/Users/Diversecity/Desktop/picoboot-bt to picoboot2w/PicoBoot-BT-2W/src/btstack_hids_compat.h:15,
                 from <command-line>:
C:/Users/Diversecity/pico-sdk/lib/btstack/src/btstack_debug.h:68:9: note: this is the location of the previous definition
   68 | #define BTSTACK_FILE__ __FILE__
      |         ^~~~~~~~~~~~~~
[166/479] Building C object libbluepad32/CMakeFiles/bluepad32.dir/C_/Users/Diversecity/pico-sdk/lib/btstack/src/ble/gatt-service/heart_rate_service_server.c.obj
cc1.exe: warning: command-line option '-Winvalid-offsetof' is valid for C++/ObjC++ but not for C
C:/Users/Diversecity/pico-sdk/lib/btstack/src/ble/gatt-service/heart_rate_service_server.c:38:9: warning: "BTSTACK_FILE__" redefined
   38 | #define BTSTACK_FILE__ "heart_rate_service_server.c"
      |         ^~~~~~~~~~~~~~
In file included from C:/Users/Diversecity/pico-sdk/lib/btstack/src/btstack.h:62,
                 from C:/Users/Diversecity/Desktop/picoboot-bt to picoboot2w/PicoBoot-BT-2W/src/btstack_hids_compat.h:15,
                 from <command-line>:
C:/Users/Diversecity/pico-sdk/lib/btstack/src/btstack_debug.h:68:9: note: this is the location of the previous definition
   68 | #define BTSTACK_FILE__ __FILE__
      |         ^~~~~~~~~~~~~~
[167/479] Building C object libbluepad32/CMakeFiles/bluepad32.dir/C_/Users/Diversecity/pico-sdk/lib/btstack/src/ble/gatt-service/nordic_spp_service_server.c.obj
cc1.exe: warning: command-line option '-Winvalid-offsetof' is valid for C++/ObjC++ but not for C
C:/Users/Diversecity/pico-sdk/lib/btstack/src/ble/gatt-service/nordic_spp_service_server.c:38:9: warning: "BTSTACK_FILE__" redefined
   38 | #define BTSTACK_FILE__ "nordic_spp_service_server.c"
      |         ^~~~~~~~~~~~~~
In file included from C:/Users/Diversecity/pico-sdk/lib/btstack/src/btstack.h:62,
                 from C:/Users/Diversecity/Desktop/picoboot-bt to picoboot2w/PicoBoot-BT-2W/src/btstack_hids_compat.h:15,
                 from <command-line>:
C:/Users/Diversecity/pico-sdk/lib/btstack/src/btstack_debug.h:68:9: note: this is the location of the previous definition
   68 | #define BTSTACK_FILE__ __FILE__
      |         ^~~~~~~~~~~~~~
[168/479] Building C object libbluepad32/CMakeFiles/bluepad32.dir/C_/Users/Diversecity/pico-sdk/lib/btstack/src/ble/gatt-service/hids_device.c.obj
cc1.exe: warning: command-line option '-Winvalid-offsetof' is valid for C++/ObjC++ but not for C
C:/Users/Diversecity/pico-sdk/lib/btstack/src/ble/gatt-service/hids_device.c:38:9: warning: "BTSTACK_FILE__" redefined
   38 | #define BTSTACK_FILE__ "hids_device.c"
      |         ^~~~~~~~~~~~~~
In file included from C:/Users/Diversecity/pico-sdk/lib/btstack/src/btstack.h:62,
                 from C:/Users/Diversecity/Desktop/picoboot-bt to picoboot2w/PicoBoot-BT-2W/src/btstack_hids_compat.h:15,
                 from <command-line>:
C:/Users/Diversecity/pico-sdk/lib/btstack/src/btstack_debug.h:68:9: note: this is the location of the previous definition
   68 | #define BTSTACK_FILE__ __FILE__
      |         ^~~~~~~~~~~~~~
[169/479] Building C object libbluepad32/CMakeFiles/bluepad32.dir/C_/Users/Diversecity/pico-sdk/lib/btstack/src/ble/gatt-service/ublox_spp_service_server.c.obj
cc1.exe: warning: command-line option '-Winvalid-offsetof' is valid for C++/ObjC++ but not for C
C:/Users/Diversecity/pico-sdk/lib/btstack/src/ble/gatt-service/ublox_spp_service_server.c:38:9: warning: "BTSTACK_FILE__" redefined
   38 | #define BTSTACK_FILE__ "ublox_spp_service_server.c"
      |         ^~~~~~~~~~~~~~
In file included from C:/Users/Diversecity/pico-sdk/lib/btstack/src/btstack.h:62,
                 from C:/Users/Diversecity/Desktop/picoboot-bt to picoboot2w/PicoBoot-BT-2W/src/btstack_hids_compat.h:15,
                 from <command-line>:
C:/Users/Diversecity/pico-sdk/lib/btstack/src/btstack_debug.h:68:9: note: this is the location of the previous definition
   68 | #define BTSTACK_FILE__ __FILE__
      |         ^~~~~~~~~~~~~~
[170/479] Building C object libbluepad32/CMakeFiles/bluepad32.dir/C_/Users/Diversecity/pico-sdk/lib/btstack/src/ble/gatt-service/ancs_client.c.obj
cc1.exe: warning: command-line option '-Winvalid-offsetof' is valid for C++/ObjC++ but not for C
C:/Users/Diversecity/pico-sdk/lib/btstack/src/ble/gatt-service/ancs_client.c:38:9: warning: "BTSTACK_FILE__" redefined
   38 | #define BTSTACK_FILE__ "ancs_client.c"
      |         ^~~~~~~~~~~~~~
In file included from C:/Users/Diversecity/pico-sdk/lib/btstack/src/btstack.h:62,
                 from C:/Users/Diversecity/Desktop/picoboot-bt to picoboot2w/PicoBoot-BT-2W/src/btstack_hids_compat.h:15,
                 from <command-line>:
C:/Users/Diversecity/pico-sdk/lib/btstack/src/btstack_debug.h:68:9: note: this is the location of the previous definition
   68 | #define BTSTACK_FILE__ __FILE__
      |         ^~~~~~~~~~~~~~
[171/479] Building C object libbluepad32/CMakeFiles/bluepad32.dir/C_/Users/Diversecity/pico-sdk/lib/btstack/src/ble/le_device_db_memory.c.obj
cc1.exe: warning: command-line option '-Winvalid-offsetof' is valid for C++/ObjC++ but not for C
C:/Users/Diversecity/pico-sdk/lib/btstack/src/ble/le_device_db_memory.c:38:9: warning: "BTSTACK_FILE__" redefined
   38 | #define BTSTACK_FILE__ "le_device_db_memory.c"
      |         ^~~~~~~~~~~~~~
In file included from C:/Users/Diversecity/pico-sdk/lib/btstack/src/btstack.h:62,
                 from C:/Users/Diversecity/Desktop/picoboot-bt to picoboot2w/PicoBoot-BT-2W/src/btstack_hids_compat.h:15,
                 from <command-line>:
C:/Users/Diversecity/pico-sdk/lib/btstack/src/btstack_debug.h:68:9: note: this is the location of the previous definition
   68 | #define BTSTACK_FILE__ __FILE__
      |         ^~~~~~~~~~~~~~
[172/479] Building C object libbluepad32/CMakeFiles/bluepad32.dir/C_/Users/Diversecity/pico-sdk/lib/btstack/src/ble/le_device_db_tlv.c.obj
cc1.exe: warning: command-line option '-Winvalid-offsetof' is valid for C++/ObjC++ but not for C
C:/Users/Diversecity/pico-sdk/lib/btstack/src/ble/le_device_db_tlv.c:38:9: warning: "BTSTACK_FILE__" redefined
   38 | #define BTSTACK_FILE__ "le_device_db_tlv.c"
      |         ^~~~~~~~~~~~~~
In file included from C:/Users/Diversecity/pico-sdk/lib/btstack/src/btstack.h:62,
                 from C:/Users/Diversecity/Desktop/picoboot-bt to picoboot2w/PicoBoot-BT-2W/src/btstack_hids_compat.h:15,
                 from <command-line>:
C:/Users/Diversecity/pico-sdk/lib/btstack/src/btstack_debug.h:68:9: note: this is the location of the previous definition
   68 | #define BTSTACK_FILE__ __FILE__
      |         ^~~~~~~~~~~~~~
[173/479] Building C object libbluepad32/CMakeFiles/bluepad32.dir/C_/Users/Diversecity/pico-sdk/lib/btstack/src/hci_event_builder.c.obj
cc1.exe: warning: command-line option '-Winvalid-offsetof' is valid for C++/ObjC++ but not for C
C:/Users/Diversecity/pico-sdk/lib/btstack/src/hci_event_builder.c:38:9: warning: "BTSTACK_FILE__" redefined
   38 | #define BTSTACK_FILE__ "hci_event_builder.c"
      |         ^~~~~~~~~~~~~~
In file included from C:/Users/Diversecity/pico-sdk/lib/btstack/src/btstack.h:62,
                 from C:/Users/Diversecity/Desktop/picoboot-bt to picoboot2w/PicoBoot-BT-2W/src/btstack_hids_compat.h:15,
                 from <command-line>:
C:/Users/Diversecity/pico-sdk/lib/btstack/src/btstack_debug.h:68:9: note: this is the location of the previous definition
   68 | #define BTSTACK_FILE__ __FILE__
      |         ^~~~~~~~~~~~~~
[174/479] Building C object libbluepad32/CMakeFiles/bluepad32.dir/C_/Users/Diversecity/pico-sdk/lib/btstack/src/ble/gatt_service_client.c.obj
cc1.exe: warning: command-line option '-Winvalid-offsetof' is valid for C++/ObjC++ but not for C
C:/Users/Diversecity/pico-sdk/lib/btstack/src/ble/gatt_service_client.c:38:9: warning: "BTSTACK_FILE__" redefined
   38 | #define BTSTACK_FILE__ "gatt_service_client.c"
      |         ^~~~~~~~~~~~~~
In file included from C:/Users/Diversecity/pico-sdk/lib/btstack/src/btstack.h:62,
                 from C:/Users/Diversecity/Desktop/picoboot-bt to picoboot2w/PicoBoot-BT-2W/src/btstack_hids_compat.h:15,
                 from <command-line>:
C:/Users/Diversecity/pico-sdk/lib/btstack/src/btstack_debug.h:68:9: note: this is the location of the previous definition
   68 | #define BTSTACK_FILE__ __FILE__
      |         ^~~~~~~~~~~~~~
[175/479] Building C object libbluepad32/CMakeFiles/bluepad32.dir/C_/Users/Diversecity/pico-sdk/lib/btstack/3rd-party/rijndael/rijndael.c.obj
cc1.exe: warning: command-line option '-Winvalid-offsetof' is valid for C++/ObjC++ but not for C
[176/479] Building C object libbluepad32/CMakeFiles/bluepad32.dir/C_/Users/Diversecity/pico-sdk/lib/btstack/src/ble/gatt-service/hids_host.c.obj
cc1.exe: warning: command-line option '-Winvalid-offsetof' is valid for C++/ObjC++ but not for C
C:/Users/Diversecity/pico-sdk/lib/btstack/src/ble/gatt-service/hids_host.c:38:9: warning: "BTSTACK_FILE__" redefined
   38 | #define BTSTACK_FILE__ "hids_host.c"
      |         ^~~~~~~~~~~~~~
In file included from C:/Users/Diversecity/pico-sdk/lib/btstack/src/btstack.h:62,
                 from C:/Users/Diversecity/Desktop/picoboot-bt to picoboot2w/PicoBoot-BT-2W/src/btstack_hids_compat.h:15,
                 from <command-line>:
C:/Users/Diversecity/pico-sdk/lib/btstack/src/btstack_debug.h:68:9: note: this is the location of the previous definition
   68 | #define BTSTACK_FILE__ __FILE__
      |         ^~~~~~~~~~~~~~
[177/479] Building C object libbluepad32/CMakeFiles/bluepad32.dir/C_/Users/Diversecity/pico-sdk/lib/btstack/src/ble/gatt_client.c.obj
cc1.exe: warning: command-line option '-Winvalid-offsetof' is valid for C++/ObjC++ but not for C
C:/Users/Diversecity/pico-sdk/lib/btstack/src/ble/gatt_client.c:38:9: warning: "BTSTACK_FILE__" redefined
   38 | #define BTSTACK_FILE__ "gatt_client.c"
      |         ^~~~~~~~~~~~~~
In file included from C:/Users/Diversecity/pico-sdk/lib/btstack/src/btstack.h:62,
                 from C:/Users/Diversecity/Desktop/picoboot-bt to picoboot2w/PicoBoot-BT-2W/src/btstack_hids_compat.h:15,
                 from <command-line>:
C:/Users/Diversecity/pico-sdk/lib/btstack/src/btstack_debug.h:68:9: note: this is the location of the previous definition
   68 | #define BTSTACK_FILE__ __FILE__
      |         ^~~~~~~~~~~~~~
[178/479] Building C object libbluepad32/CMakeFiles/bluepad32.dir/C_/Users/Diversecity/pico-sdk/lib/btstack/3rd-party/micro-ecc/uECC.c.obj
cc1.exe: warning: command-line option '-Winvalid-offsetof' is valid for C++/ObjC++ but not for C
[179/479] Building C object libbluepad32/CMakeFiles/bluepad32.dir/C_/Users/Diversecity/pico-sdk/lib/btstack/src/ble/sm.c.obj
cc1.exe: warning: command-line option '-Winvalid-offsetof' is valid for C++/ObjC++ but not for C
C:/Users/Diversecity/pico-sdk/lib/btstack/src/ble/sm.c:38:9: warning: "BTSTACK_FILE__" redefined
   38 | #define BTSTACK_FILE__ "sm.c"
      |         ^~~~~~~~~~~~~~
In file included from C:/Users/Diversecity/pico-sdk/lib/btstack/src/btstack.h:62,
                 from C:/Users/Diversecity/Desktop/picoboot-bt to picoboot2w/PicoBoot-BT-2W/src/btstack_hids_compat.h:15,
                 from <command-line>:
C:/Users/Diversecity/pico-sdk/lib/btstack/src/btstack_debug.h:68:9: note: this is the location of the previous definition
   68 | #define BTSTACK_FILE__ __FILE__
      |         ^~~~~~~~~~~~~~
[180/479] Building C object libbluepad32/CMakeFiles/bluepad32.dir/C_/Users/Diversecity/pico-sdk/lib/btstack/platform/embedded/hci_dump_segger_rtt_stdout.c.obj
cc1.exe: warning: command-line option '-Winvalid-offsetof' is valid for C++/ObjC++ but not for C
C:/Users/Diversecity/pico-sdk/lib/btstack/platform/embedded/hci_dump_segger_rtt_stdout.c:38:9: warning: "BTSTACK_FILE__" redefined
   38 | #define BTSTACK_FILE__ "hci_dump_embedded_stdout.c"
      |         ^~~~~~~~~~~~~~
In file included from C:/Users/Diversecity/pico-sdk/lib/btstack/src/btstack.h:62,
                 from C:/Users/Diversecity/Desktop/picoboot-bt to picoboot2w/PicoBoot-BT-2W/src/btstack_hids_compat.h:15,
                 from <command-line>:
C:/Users/Diversecity/pico-sdk/lib/btstack/src/btstack_debug.h:68:9: note: this is the location of the previous definition
   68 | #define BTSTACK_FILE__ __FILE__
      |         ^~~~~~~~~~~~~~
[181/479] Building C object libbluepad32/CMakeFiles/bluepad32.dir/C_/Users/Diversecity/pico-sdk/lib/btstack/3rd-party/segger-rtt/SEGGER_RTT_printf.c.obj
cc1.exe: warning: command-line option '-Winvalid-offsetof' is valid for C++/ObjC++ but not for C
[182/479] Building C object libbluepad32/CMakeFiles/bluepad32.dir/C_/Users/Diversecity/pico-sdk/lib/btstack/platform/embedded/hci_dump_embedded_stdout.c.obj
cc1.exe: warning: command-line option '-Winvalid-offsetof' is valid for C++/ObjC++ but not for C
C:/Users/Diversecity/pico-sdk/lib/btstack/platform/embedded/hci_dump_embedded_stdout.c:38:9: warning: "BTSTACK_FILE__" redefined
   38 | #define BTSTACK_FILE__ "hci_dump_embedded_stdout.c"
      |         ^~~~~~~~~~~~~~
In file included from C:/Users/Diversecity/pico-sdk/lib/btstack/src/btstack.h:62,
                 from C:/Users/Diversecity/Desktop/picoboot-bt to picoboot2w/PicoBoot-BT-2W/src/btstack_hids_compat.h:15,
                 from <command-line>:
C:/Users/Diversecity/pico-sdk/lib/btstack/src/btstack_debug.h:68:9: note: this is the location of the previous definition
   68 | #define BTSTACK_FILE__ __FILE__
      |         ^~~~~~~~~~~~~~
[183/479] Building C object libbluepad32/CMakeFiles/bluepad32.dir/C_/Users/Diversecity/pico-sdk/lib/btstack/platform/embedded/btstack_tlv_flash_bank.c.obj
cc1.exe: warning: command-line option '-Winvalid-offsetof' is valid for C++/ObjC++ but not for C
C:/Users/Diversecity/pico-sdk/lib/btstack/platform/embedded/btstack_tlv_flash_bank.c:32:9: warning: "BTSTACK_FILE__" redefined
   32 | #define BTSTACK_FILE__ "btstack_tlv_flash_bank.c"
      |         ^~~~~~~~~~~~~~
In file included from C:/Users/Diversecity/pico-sdk/lib/btstack/src/btstack.h:62,
                 from C:/Users/Diversecity/Desktop/picoboot-bt to picoboot2w/PicoBoot-BT-2W/src/btstack_hids_compat.h:15,
                 from <command-line>:
C:/Users/Diversecity/pico-sdk/lib/btstack/src/btstack_debug.h:68:9: note: this is the location of the previous definition
   68 | #define BTSTACK_FILE__ __FILE__
      |         ^~~~~~~~~~~~~~
[184/479] Building C object libbluepad32/CMakeFiles/bluepad32.dir/C_/Users/Diversecity/pico-sdk/lib/btstack/src/ad_parser.c.obj
cc1.exe: warning: command-line option '-Winvalid-offsetof' is valid for C++/ObjC++ but not for C
C:/Users/Diversecity/pico-sdk/lib/btstack/src/ad_parser.c:38:9: warning: "BTSTACK_FILE__" redefined
   38 | #define BTSTACK_FILE__ "ad_parser.c"
      |         ^~~~~~~~~~~~~~
In file included from C:/Users/Diversecity/pico-sdk/lib/btstack/src/btstack.h:62,
                 from C:/Users/Diversecity/Desktop/picoboot-bt to picoboot2w/PicoBoot-BT-2W/src/btstack_hids_compat.h:15,
                 from <command-line>:
C:/Users/Diversecity/pico-sdk/lib/btstack/src/btstack_debug.h:68:9: note: this is the location of the previous definition
   68 | #define BTSTACK_FILE__ __FILE__
      |         ^~~~~~~~~~~~~~
[185/479] Building C object libbluepad32/CMakeFiles/bluepad32.dir/C_/Users/Diversecity/pico-sdk/lib/btstack/src/btstack_audio.c.obj
cc1.exe: warning: command-line option '-Winvalid-offsetof' is valid for C++/ObjC++ but not for C
C:/Users/Diversecity/pico-sdk/lib/btstack/src/btstack_audio.c:38:9: warning: "BTSTACK_FILE__" redefined
   38 | #define BTSTACK_FILE__ "btstack_audio.c"
      |         ^~~~~~~~~~~~~~
In file included from C:/Users/Diversecity/pico-sdk/lib/btstack/src/btstack.h:62,
                 from C:/Users/Diversecity/Desktop/picoboot-bt to picoboot2w/PicoBoot-BT-2W/src/btstack_hids_compat.h:15,
                 from <command-line>:
C:/Users/Diversecity/pico-sdk/lib/btstack/src/btstack_debug.h:68:9: note: this is the location of the previous definition
   68 | #define BTSTACK_FILE__ __FILE__
      |         ^~~~~~~~~~~~~~
[186/479] Building C object libbluepad32/CMakeFiles/bluepad32.dir/C_/Users/Diversecity/pico-sdk/lib/btstack/src/btstack_base64_decoder.c.obj
cc1.exe: warning: command-line option '-Winvalid-offsetof' is valid for C++/ObjC++ but not for C
C:/Users/Diversecity/pico-sdk/lib/btstack/src/btstack_base64_decoder.c:38:9: warning: "BTSTACK_FILE__" redefined
   38 | #define BTSTACK_FILE__ "btstack_base64_decoder.c"
      |         ^~~~~~~~~~~~~~
In file included from C:/Users/Diversecity/pico-sdk/lib/btstack/src/btstack.h:62,
                 from C:/Users/Diversecity/Desktop/picoboot-bt to picoboot2w/PicoBoot-BT-2W/src/btstack_hids_compat.h:15,
                 from <command-line>:
C:/Users/Diversecity/pico-sdk/lib/btstack/src/btstack_debug.h:68:9: note: this is the location of the previous definition
   68 | #define BTSTACK_FILE__ __FILE__
      |         ^~~~~~~~~~~~~~
[187/479] Building C object libbluepad32/CMakeFiles/bluepad32.dir/C_/Users/Diversecity/pico-sdk/lib/btstack/src/btstack_hid.c.obj
cc1.exe: warning: command-line option '-Winvalid-offsetof' is valid for C++/ObjC++ but not for C
[188/479] Building C object libbluepad32/CMakeFiles/bluepad32.dir/C_/Users/Diversecity/pico-sdk/lib/btstack/src/btstack_crypto.c.obj
cc1.exe: warning: command-line option '-Winvalid-offsetof' is valid for C++/ObjC++ but not for C
C:/Users/Diversecity/pico-sdk/lib/btstack/src/btstack_crypto.c:32:9: warning: "BTSTACK_FILE__" redefined
   32 | #define BTSTACK_FILE__ "btstack_crypto.c"
      |         ^~~~~~~~~~~~~~
In file included from C:/Users/Diversecity/pico-sdk/lib/btstack/src/btstack.h:62,
                 from C:/Users/Diversecity/Desktop/picoboot-bt to picoboot2w/PicoBoot-BT-2W/src/btstack_hids_compat.h:15,
                 from <command-line>:
C:/Users/Diversecity/pico-sdk/lib/btstack/src/btstack_debug.h:68:9: note: this is the location of the previous definition
   68 | #define BTSTACK_FILE__ __FILE__
      |         ^~~~~~~~~~~~~~
[189/479] Building C object libbluepad32/CMakeFiles/bluepad32.dir/C_/Users/Diversecity/pico-sdk/lib/btstack/src/btstack_memory_pool.c.obj
cc1.exe: warning: command-line option '-Winvalid-offsetof' is valid for C++/ObjC++ but not for C
C:/Users/Diversecity/pico-sdk/lib/btstack/src/btstack_memory_pool.c:38:9: warning: "BTSTACK_FILE__" redefined
   38 | #define BTSTACK_FILE__ "btstack_memory_pool.c"
      |         ^~~~~~~~~~~~~~
In file included from C:/Users/Diversecity/pico-sdk/lib/btstack/src/btstack.h:62,
                 from C:/Users/Diversecity/Desktop/picoboot-bt to picoboot2w/PicoBoot-BT-2W/src/btstack_hids_compat.h:15,
                 from <command-line>:
C:/Users/Diversecity/pico-sdk/lib/btstack/src/btstack_debug.h:68:9: note: this is the location of the previous definition
   68 | #define BTSTACK_FILE__ __FILE__
      |         ^~~~~~~~~~~~~~
[190/479] Building C object libbluepad32/CMakeFiles/bluepad32.dir/C_/Users/Diversecity/pico-sdk/lib/btstack/src/btstack_linked_list.c.obj
cc1.exe: warning: command-line option '-Winvalid-offsetof' is valid for C++/ObjC++ but not for C
C:/Users/Diversecity/pico-sdk/lib/btstack/src/btstack_linked_list.c:38:9: warning: "BTSTACK_FILE__" redefined
   38 | #define BTSTACK_FILE__ "btstack_linked_list.c"
      |         ^~~~~~~~~~~~~~
In file included from C:/Users/Diversecity/pico-sdk/lib/btstack/src/btstack.h:62,
                 from C:/Users/Diversecity/Desktop/picoboot-bt to picoboot2w/PicoBoot-BT-2W/src/btstack_hids_compat.h:15,
                 from <command-line>:
C:/Users/Diversecity/pico-sdk/lib/btstack/src/btstack_debug.h:68:9: note: this is the location of the previous definition
   68 | #define BTSTACK_FILE__ __FILE__
      |         ^~~~~~~~~~~~~~
[191/479] Building C object libbluepad32/CMakeFiles/bluepad32.dir/C_/Users/Diversecity/pico-sdk/lib/btstack/src/btstack_hid_parser.c.obj
cc1.exe: warning: command-line option '-Winvalid-offsetof' is valid for C++/ObjC++ but not for C
C:/Users/Diversecity/pico-sdk/lib/btstack/src/btstack_hid_parser.c:38:9: warning: "BTSTACK_FILE__" redefined
   38 | #define BTSTACK_FILE__ "btstack_hid_parser.c"
      |         ^~~~~~~~~~~~~~
In file included from C:/Users/Diversecity/pico-sdk/lib/btstack/src/btstack.h:62,
                 from C:/Users/Diversecity/Desktop/picoboot-bt to picoboot2w/PicoBoot-BT-2W/src/btstack_hids_compat.h:15,
                 from <command-line>:
C:/Users/Diversecity/pico-sdk/lib/btstack/src/btstack_debug.h:68:9: note: this is the location of the previous definition
   68 | #define BTSTACK_FILE__ __FILE__
      |         ^~~~~~~~~~~~~~
[192/479] Building C object libbluepad32/CMakeFiles/bluepad32.dir/C_/Users/Diversecity/pico-sdk/lib/btstack/src/btstack_resample.c.obj
cc1.exe: warning: command-line option '-Winvalid-offsetof' is valid for C++/ObjC++ but not for C
C:/Users/Diversecity/pico-sdk/lib/btstack/src/btstack_resample.c:38:9: warning: "BTSTACK_FILE__" redefined
   38 | #define BTSTACK_FILE__ "btstack_resample.c"
      |         ^~~~~~~~~~~~~~
In file included from C:/Users/Diversecity/pico-sdk/lib/btstack/src/btstack.h:62,
                 from C:/Users/Diversecity/Desktop/picoboot-bt to picoboot2w/PicoBoot-BT-2W/src/btstack_hids_compat.h:15,
                 from <command-line>:
C:/Users/Diversecity/pico-sdk/lib/btstack/src/btstack_debug.h:68:9: note: this is the location of the previous definition
   68 | #define BTSTACK_FILE__ __FILE__
      |         ^~~~~~~~~~~~~~
[193/479] Building C object libbluepad32/CMakeFiles/bluepad32.dir/C_/Users/Diversecity/pico-sdk/lib/btstack/src/btstack_memory.c.obj
cc1.exe: warning: command-line option '-Winvalid-offsetof' is valid for C++/ObjC++ but not for C
C:/Users/Diversecity/pico-sdk/lib/btstack/src/btstack_memory.c:39:9: warning: "BTSTACK_FILE__" redefined
   39 | #define BTSTACK_FILE__ "btstack_memory.c"
      |         ^~~~~~~~~~~~~~
In file included from C:/Users/Diversecity/pico-sdk/lib/btstack/src/btstack.h:62,
                 from C:/Users/Diversecity/Desktop/picoboot-bt to picoboot2w/PicoBoot-BT-2W/src/btstack_hids_compat.h:15,
                 from <command-line>:
C:/Users/Diversecity/pico-sdk/lib/btstack/src/btstack_debug.h:68:9: note: this is the location of the previous definition
   68 | #define BTSTACK_FILE__ __FILE__
      |         ^~~~~~~~~~~~~~
[194/479] Building C object libbluepad32/CMakeFiles/bluepad32.dir/C_/Users/Diversecity/pico-sdk/lib/btstack/src/btstack_ring_buffer.c.obj
cc1.exe: warning: command-line option '-Winvalid-offsetof' is valid for C++/ObjC++ but not for C
C:/Users/Diversecity/pico-sdk/lib/btstack/src/btstack_ring_buffer.c:38:9: warning: "BTSTACK_FILE__" redefined
   38 | #define BTSTACK_FILE__ "btstack_ring_buffer.c"
      |         ^~~~~~~~~~~~~~
In file included from C:/Users/Diversecity/pico-sdk/lib/btstack/src/btstack.h:62,
                 from C:/Users/Diversecity/Desktop/picoboot-bt to picoboot2w/PicoBoot-BT-2W/src/btstack_hids_compat.h:15,
                 from <command-line>:
C:/Users/Diversecity/pico-sdk/lib/btstack/src/btstack_debug.h:68:9: note: this is the location of the previous definition
   68 | #define BTSTACK_FILE__ __FILE__
      |         ^~~~~~~~~~~~~~
[195/479] Building C object libbluepad32/CMakeFiles/bluepad32.dir/C_/Users/Diversecity/pico-sdk/lib/btstack/src/btstack_tlv_none.c.obj
cc1.exe: warning: command-line option '-Winvalid-offsetof' is valid for C++/ObjC++ but not for C
C:/Users/Diversecity/pico-sdk/lib/btstack/src/btstack_tlv_none.c:32:9: warning: "BTSTACK_FILE__" redefined
   32 | #define BTSTACK_FILE__ "btstack_tlv_none.c"
      |         ^~~~~~~~~~~~~~
In file included from C:/Users/Diversecity/pico-sdk/lib/btstack/src/btstack.h:62,
                 from C:/Users/Diversecity/Desktop/picoboot-bt to picoboot2w/PicoBoot-BT-2W/src/btstack_hids_compat.h:15,
                 from <command-line>:
C:/Users/Diversecity/pico-sdk/lib/btstack/src/btstack_debug.h:68:9: note: this is the location of the previous definition
   68 | #define BTSTACK_FILE__ __FILE__
      |         ^~~~~~~~~~~~~~
[196/479] Building C object libbluepad32/CMakeFiles/bluepad32.dir/C_/Users/Diversecity/pico-sdk/lib/btstack/src/btstack_tlv.c.obj
cc1.exe: warning: command-line option '-Winvalid-offsetof' is valid for C++/ObjC++ but not for C
C:/Users/Diversecity/pico-sdk/lib/btstack/src/btstack_tlv.c:32:9: warning: "BTSTACK_FILE__" redefined
   32 | #define BTSTACK_FILE__ "btstack_tlv.c"
      |         ^~~~~~~~~~~~~~
In file included from C:/Users/Diversecity/pico-sdk/lib/btstack/src/btstack.h:62,
                 from C:/Users/Diversecity/Desktop/picoboot-bt to picoboot2w/PicoBoot-BT-2W/src/btstack_hids_compat.h:15,
                 from <command-line>:
C:/Users/Diversecity/pico-sdk/lib/btstack/src/btstack_debug.h:68:9: note: this is the location of the previous definition
   68 | #define BTSTACK_FILE__ __FILE__
      |         ^~~~~~~~~~~~~~
[197/479] Building C object libbluepad32/CMakeFiles/bluepad32.dir/C_/Users/Diversecity/pico-sdk/lib/btstack/src/btstack_slip.c.obj
cc1.exe: warning: command-line option '-Winvalid-offsetof' is valid for C++/ObjC++ but not for C
C:/Users/Diversecity/pico-sdk/lib/btstack/src/btstack_slip.c:38:9: warning: "BTSTACK_FILE__" redefined
   38 | #define BTSTACK_FILE__ "btstack_slip.c"
      |         ^~~~~~~~~~~~~~
In file included from C:/Users/Diversecity/pico-sdk/lib/btstack/src/btstack.h:62,
                 from C:/Users/Diversecity/Desktop/picoboot-bt to picoboot2w/PicoBoot-BT-2W/src/btstack_hids_compat.h:15,
                 from <command-line>:
C:/Users/Diversecity/pico-sdk/lib/btstack/src/btstack_debug.h:68:9: note: this is the location of the previous definition
   68 | #define BTSTACK_FILE__ __FILE__
      |         ^~~~~~~~~~~~~~
[198/479] Building C object libbluepad32/CMakeFiles/bluepad32.dir/C_/Users/Diversecity/pico-sdk/lib/btstack/src/btstack_run_loop_base.c.obj
cc1.exe: warning: command-line option '-Winvalid-offsetof' is valid for C++/ObjC++ but not for C
[199/479] Building C object libbluepad32/CMakeFiles/bluepad32.dir/C_/Users/Diversecity/pico-sdk/lib/btstack/src/btstack_run_loop.c.obj
cc1.exe: warning: command-line option '-Winvalid-offsetof' is valid for C++/ObjC++ but not for C
C:/Users/Diversecity/pico-sdk/lib/btstack/src/btstack_run_loop.c:38:9: warning: "BTSTACK_FILE__" redefined
   38 | #define BTSTACK_FILE__ "btstack_run_loop.c"
      |         ^~~~~~~~~~~~~~
In file included from C:/Users/Diversecity/pico-sdk/lib/btstack/src/btstack.h:62,
                 from C:/Users/Diversecity/Desktop/picoboot-bt to picoboot2w/PicoBoot-BT-2W/src/btstack_hids_compat.h:15,
                 from <command-line>:
C:/Users/Diversecity/pico-sdk/lib/btstack/src/btstack_debug.h:68:9: note: this is the location of the previous definition
   68 | #define BTSTACK_FILE__ __FILE__
      |         ^~~~~~~~~~~~~~
[200/479] Building C object libbluepad32/CMakeFiles/bluepad32.dir/C_/Users/Diversecity/pico-sdk/lib/btstack/src/hci_event.c.obj
cc1.exe: warning: command-line option '-Winvalid-offsetof' is valid for C++/ObjC++ but not for C
C:/Users/Diversecity/pico-sdk/lib/btstack/src/hci_event.c:38:9: warning: "BTSTACK_FILE__" redefined
   38 | #define BTSTACK_FILE__ "hci_event.c"
      |         ^~~~~~~~~~~~~~
In file included from C:/Users/Diversecity/pico-sdk/lib/btstack/src/btstack.h:62,
                 from C:/Users/Diversecity/Desktop/picoboot-bt to picoboot2w/PicoBoot-BT-2W/src/btstack_hids_compat.h:15,
                 from <command-line>:
C:/Users/Diversecity/pico-sdk/lib/btstack/src/btstack_debug.h:68:9: note: this is the location of the previous definition
   68 | #define BTSTACK_FILE__ __FILE__
      |         ^~~~~~~~~~~~~~
[201/479] Building C object libbluepad32/CMakeFiles/bluepad32.dir/C_/Users/Diversecity/pico-sdk/lib/btstack/src/hci_cmd.c.obj
cc1.exe: warning: command-line option '-Winvalid-offsetof' is valid for C++/ObjC++ but not for C
C:/Users/Diversecity/pico-sdk/lib/btstack/src/hci_cmd.c:38:9: warning: "BTSTACK_FILE__" redefined
   38 | #define BTSTACK_FILE__ "hci_cmd.c"
      |         ^~~~~~~~~~~~~~
In file included from C:/Users/Diversecity/pico-sdk/lib/btstack/src/btstack.h:62,
                 from C:/Users/Diversecity/Desktop/picoboot-bt to picoboot2w/PicoBoot-BT-2W/src/btstack_hids_compat.h:15,
                 from <command-line>:
C:/Users/Diversecity/pico-sdk/lib/btstack/src/btstack_debug.h:68:9: note: this is the location of the previous definition
   68 | #define BTSTACK_FILE__ __FILE__
      |         ^~~~~~~~~~~~~~
[202/479] Building C object libbluepad32/CMakeFiles/bluepad32.dir/C_/Users/Diversecity/pico-sdk/lib/btstack/src/hci_dump.c.obj
cc1.exe: warning: command-line option '-Winvalid-offsetof' is valid for C++/ObjC++ but not for C
C:/Users/Diversecity/pico-sdk/lib/btstack/src/hci_dump.c:38:9: warning: "BTSTACK_FILE__" redefined
   38 | #define BTSTACK_FILE__ "hci_dump.c"
      |         ^~~~~~~~~~~~~~
In file included from C:/Users/Diversecity/pico-sdk/lib/btstack/src/btstack.h:62,
                 from C:/Users/Diversecity/Desktop/picoboot-bt to picoboot2w/PicoBoot-BT-2W/src/btstack_hids_compat.h:15,
                 from <command-line>:
C:/Users/Diversecity/pico-sdk/lib/btstack/src/btstack_debug.h:68:9: note: this is the location of the previous definition
   68 | #define BTSTACK_FILE__ __FILE__
      |         ^~~~~~~~~~~~~~
[203/479] Building C object libbluepad32/CMakeFiles/bluepad32.dir/C_/Users/Diversecity/pico-sdk/lib/btstack/src/btstack_util.c.obj
cc1.exe: warning: command-line option '-Winvalid-offsetof' is valid for C++/ObjC++ but not for C
C:/Users/Diversecity/pico-sdk/lib/btstack/src/btstack_util.c:38:9: warning: "BTSTACK_FILE__" redefined
   38 | #define BTSTACK_FILE__ "btstack_util.c"
      |         ^~~~~~~~~~~~~~
In file included from C:/Users/Diversecity/pico-sdk/lib/btstack/src/btstack.h:62,
                 from C:/Users/Diversecity/Desktop/picoboot-bt to picoboot2w/PicoBoot-BT-2W/src/btstack_hids_compat.h:15,
                 from <command-line>:
C:/Users/Diversecity/pico-sdk/lib/btstack/src/btstack_debug.h:68:9: note: this is the location of the previous definition
   68 | #define BTSTACK_FILE__ __FILE__
      |         ^~~~~~~~~~~~~~
[204/479] Building C object libbluepad32/CMakeFiles/bluepad32.dir/C_/Users/Diversecity/pico-sdk/lib/btstack/src/l2cap_signaling.c.obj
cc1.exe: warning: command-line option '-Winvalid-offsetof' is valid for C++/ObjC++ but not for C
C:/Users/Diversecity/pico-sdk/lib/btstack/src/l2cap_signaling.c:38:9: warning: "BTSTACK_FILE__" redefined
   38 | #define BTSTACK_FILE__ "l2cap_signaling.c"
      |         ^~~~~~~~~~~~~~
In file included from C:/Users/Diversecity/pico-sdk/lib/btstack/src/btstack.h:62,
                 from C:/Users/Diversecity/Desktop/picoboot-bt to picoboot2w/PicoBoot-BT-2W/src/btstack_hids_compat.h:15,
                 from <command-line>:
C:/Users/Diversecity/pico-sdk/lib/btstack/src/btstack_debug.h:68:9: note: this is the location of the previous definition
   68 | #define BTSTACK_FILE__ __FILE__
      |         ^~~~~~~~~~~~~~
[205/479] Building C object libbluepad32/CMakeFiles/bluepad32.dir/C_/Users/Diversecity/pico-sdk/lib/btstack/3rd-party/md5/md5.c.obj
cc1.exe: warning: command-line option '-Winvalid-offsetof' is valid for C++/ObjC++ but not for C
[206/479] Building C object libbluepad32/CMakeFiles/bluepad32.dir/C_/Users/Diversecity/pico-sdk/src/rp2_common/pico_btstack/btstack_stdin_pico.c.obj
cc1.exe: warning: command-line option '-Winvalid-offsetof' is valid for C++/ObjC++ but not for C
[207/479] Building C object libbluepad32/CMakeFiles/bluepad32.dir/C_/Users/Diversecity/pico-sdk/lib/btstack/3rd-party/yxml/yxml.c.obj
cc1.exe: warning: command-line option '-Winvalid-offsetof' is valid for C++/ObjC++ but not for C
[208/479] Building C object libbluepad32/CMakeFiles/bluepad32.dir/C_/Users/Diversecity/pico-sdk/lib/btstack/3rd-party/segger-rtt/SEGGER_RTT.c.obj
cc1.exe: warning: command-line option '-Winvalid-offsetof' is valid for C++/ObjC++ but not for C
[209/479] Building C object libbluepad32/CMakeFiles/bluepad32.dir/C_/Users/Diversecity/pico-sdk/lib/btstack/src/classic/a2dp_sink.c.obj
cc1.exe: warning: command-line option '-Winvalid-offsetof' is valid for C++/ObjC++ but not for C
C:/Users/Diversecity/pico-sdk/lib/btstack/src/classic/a2dp_sink.c:38:9: warning: "BTSTACK_FILE__" redefined
   38 | #define BTSTACK_FILE__ "a2dp_sink.c"
      |         ^~~~~~~~~~~~~~
In file included from C:/Users/Diversecity/pico-sdk/lib/btstack/src/btstack.h:62,
                 from C:/Users/Diversecity/Desktop/picoboot-bt to picoboot2w/PicoBoot-BT-2W/src/btstack_hids_compat.h:15,
                 from <command-line>:
C:/Users/Diversecity/pico-sdk/lib/btstack/src/btstack_debug.h:68:9: note: this is the location of the previous definition
   68 | #define BTSTACK_FILE__ __FILE__
      |         ^~~~~~~~~~~~~~
[210/479] Building C object libbluepad32/CMakeFiles/bluepad32.dir/C_/Users/Diversecity/pico-sdk/lib/btstack/src/classic/a2dp_source.c.obj
cc1.exe: warning: command-line option '-Winvalid-offsetof' is valid for C++/ObjC++ but not for C
C:/Users/Diversecity/pico-sdk/lib/btstack/src/classic/a2dp_source.c:51:9: warning: "BTSTACK_FILE__" redefined
   51 | #define BTSTACK_FILE__ "a2dp_source.c"
      |         ^~~~~~~~~~~~~~
In file included from C:/Users/Diversecity/pico-sdk/lib/btstack/src/btstack.h:62,
                 from C:/Users/Diversecity/Desktop/picoboot-bt to picoboot2w/PicoBoot-BT-2W/src/btstack_hids_compat.h:15,
                 from <command-line>:
C:/Users/Diversecity/pico-sdk/lib/btstack/src/btstack_debug.h:68:9: note: this is the location of the previous definition
   68 | #define BTSTACK_FILE__ __FILE__
      |         ^~~~~~~~~~~~~~
[211/479] Building C object libbluepad32/CMakeFiles/bluepad32.dir/C_/Users/Diversecity/pico-sdk/lib/btstack/src/classic/a2dp.c.obj
cc1.exe: warning: command-line option '-Winvalid-offsetof' is valid for C++/ObjC++ but not for C
C:/Users/Diversecity/pico-sdk/lib/btstack/src/classic/a2dp.c:38:9: warning: "BTSTACK_FILE__" redefined
   38 | #define BTSTACK_FILE__ "a2dp.c"
      |         ^~~~~~~~~~~~~~
In file included from C:/Users/Diversecity/pico-sdk/lib/btstack/src/btstack.h:62,
                 from C:/Users/Diversecity/Desktop/picoboot-bt to picoboot2w/PicoBoot-BT-2W/src/btstack_hids_compat.h:15,
                 from <command-line>:
C:/Users/Diversecity/pico-sdk/lib/btstack/src/btstack_debug.h:68:9: note: this is the location of the previous definition
   68 | #define BTSTACK_FILE__ __FILE__
      |         ^~~~~~~~~~~~~~
[212/479] Building C object libbluepad32/CMakeFiles/bluepad32.dir/C_/Users/Diversecity/pico-sdk/lib/btstack/src/classic/avdtp_initiator.c.obj
cc1.exe: warning: command-line option '-Winvalid-offsetof' is valid for C++/ObjC++ but not for C
C:/Users/Diversecity/pico-sdk/lib/btstack/src/classic/avdtp_initiator.c:38:9: warning: "BTSTACK_FILE__" redefined
   38 | #define BTSTACK_FILE__ "avdtp_initiator.c"
      |         ^~~~~~~~~~~~~~
In file included from C:/Users/Diversecity/pico-sdk/lib/btstack/src/btstack.h:62,
                 from C:/Users/Diversecity/Desktop/picoboot-bt to picoboot2w/PicoBoot-BT-2W/src/btstack_hids_compat.h:15,
                 from <command-line>:
C:/Users/Diversecity/pico-sdk/lib/btstack/src/btstack_debug.h:68:9: note: this is the location of the previous definition
   68 | #define BTSTACK_FILE__ __FILE__
      |         ^~~~~~~~~~~~~~
[213/479] Building C object libbluepad32/CMakeFiles/bluepad32.dir/C_/Users/Diversecity/pico-sdk/lib/btstack/src/classic/avdtp_acceptor.c.obj
cc1.exe: warning: command-line option '-Winvalid-offsetof' is valid for C++/ObjC++ but not for C
C:/Users/Diversecity/pico-sdk/lib/btstack/src/classic/avdtp_acceptor.c:37:9: warning: "BTSTACK_FILE__" redefined
   37 | #define BTSTACK_FILE__ "avdtp_acceptor.c"
      |         ^~~~~~~~~~~~~~
In file included from C:/Users/Diversecity/pico-sdk/lib/btstack/src/btstack.h:62,
                 from C:/Users/Diversecity/Desktop/picoboot-bt to picoboot2w/PicoBoot-BT-2W/src/btstack_hids_compat.h:15,
                 from <command-line>:
C:/Users/Diversecity/pico-sdk/lib/btstack/src/btstack_debug.h:68:9: note: this is the location of the previous definition
   68 | #define BTSTACK_FILE__ __FILE__
      |         ^~~~~~~~~~~~~~
[214/479] Building C object libbluepad32/CMakeFiles/bluepad32.dir/C_/Users/Diversecity/pico-sdk/lib/btstack/src/l2cap.c.obj
cc1.exe: warning: command-line option '-Winvalid-offsetof' is valid for C++/ObjC++ but not for C
C:/Users/Diversecity/pico-sdk/lib/btstack/src/l2cap.c:38:9: warning: "BTSTACK_FILE__" redefined
   38 | #define BTSTACK_FILE__ "l2cap.c"
      |         ^~~~~~~~~~~~~~
In file included from C:/Users/Diversecity/pico-sdk/lib/btstack/src/btstack.h:62,
                 from C:/Users/Diversecity/Desktop/picoboot-bt to picoboot2w/PicoBoot-BT-2W/src/btstack_hids_compat.h:15,
                 from <command-line>:
C:/Users/Diversecity/pico-sdk/lib/btstack/src/btstack_debug.h:68:9: note: this is the location of the previous definition
   68 | #define BTSTACK_FILE__ __FILE__
      |         ^~~~~~~~~~~~~~
[215/479] Building C object libbluepad32/CMakeFiles/bluepad32.dir/C_/Users/Diversecity/pico-sdk/lib/btstack/src/classic/avdtp_sink.c.obj
cc1.exe: warning: command-line option '-Winvalid-offsetof' is valid for C++/ObjC++ but not for C
C:/Users/Diversecity/pico-sdk/lib/btstack/src/classic/avdtp_sink.c:38:9: warning: "BTSTACK_FILE__" redefined
   38 | #define BTSTACK_FILE__ "avdtp_sink.c"
      |         ^~~~~~~~~~~~~~
In file included from C:/Users/Diversecity/pico-sdk/lib/btstack/src/btstack.h:62,
                 from C:/Users/Diversecity/Desktop/picoboot-bt to picoboot2w/PicoBoot-BT-2W/src/btstack_hids_compat.h:15,
                 from <command-line>:
C:/Users/Diversecity/pico-sdk/lib/btstack/src/btstack_debug.h:68:9: note: this is the location of the previous definition
   68 | #define BTSTACK_FILE__ __FILE__
      |         ^~~~~~~~~~~~~~
[216/479] Building C object libbluepad32/CMakeFiles/bluepad32.dir/C_/Users/Diversecity/pico-sdk/lib/btstack/src/classic/avdtp.c.obj
cc1.exe: warning: command-line option '-Winvalid-offsetof' is valid for C++/ObjC++ but not for C
C:/Users/Diversecity/pico-sdk/lib/btstack/src/classic/avdtp.c:38:9: warning: "BTSTACK_FILE__" redefined
   38 | #define BTSTACK_FILE__ "avdtp.c"
      |         ^~~~~~~~~~~~~~
In file included from C:/Users/Diversecity/pico-sdk/lib/btstack/src/btstack.h:62,
                 from C:/Users/Diversecity/Desktop/picoboot-bt to picoboot2w/PicoBoot-BT-2W/src/btstack_hids_compat.h:15,
                 from <command-line>:
C:/Users/Diversecity/pico-sdk/lib/btstack/src/btstack_debug.h:68:9: note: this is the location of the previous definition
   68 | #define BTSTACK_FILE__ __FILE__
      |         ^~~~~~~~~~~~~~
[217/479] Building C object libbluepad32/CMakeFiles/bluepad32.dir/C_/Users/Diversecity/pico-sdk/lib/btstack/src/classic/avdtp_source.c.obj
cc1.exe: warning: command-line option '-Winvalid-offsetof' is valid for C++/ObjC++ but not for C
C:/Users/Diversecity/pico-sdk/lib/btstack/src/classic/avdtp_source.c:39:9: warning: "BTSTACK_FILE__" redefined
   39 | #define BTSTACK_FILE__ "avdtp_source.c"
      |         ^~~~~~~~~~~~~~
In file included from C:/Users/Diversecity/pico-sdk/lib/btstack/src/btstack.h:62,
                 from C:/Users/Diversecity/Desktop/picoboot-bt to picoboot2w/PicoBoot-BT-2W/src/btstack_hids_compat.h:15,
                 from <command-line>:
C:/Users/Diversecity/pico-sdk/lib/btstack/src/btstack_debug.h:68:9: note: this is the location of the previous definition
   68 | #define BTSTACK_FILE__ __FILE__
      |         ^~~~~~~~~~~~~~
[218/479] Building C object libbluepad32/CMakeFiles/bluepad32.dir/C_/Users/Diversecity/pico-sdk/lib/btstack/src/classic/avrcp_browsing_controller.c.obj
cc1.exe: warning: command-line option '-Winvalid-offsetof' is valid for C++/ObjC++ but not for C
C:/Users/Diversecity/pico-sdk/lib/btstack/src/classic/avrcp_browsing_controller.c:38:9: warning: "BTSTACK_FILE__" redefined
   38 | #define BTSTACK_FILE__ "avrcp_browsing_controller.c"
      |         ^~~~~~~~~~~~~~
In file included from C:/Users/Diversecity/pico-sdk/lib/btstack/src/btstack.h:62,
                 from C:/Users/Diversecity/Desktop/picoboot-bt to picoboot2w/PicoBoot-BT-2W/src/btstack_hids_compat.h:15,
                 from <command-line>:
C:/Users/Diversecity/pico-sdk/lib/btstack/src/btstack_debug.h:68:9: note: this is the location of the previous definition
   68 | #define BTSTACK_FILE__ __FILE__
      |         ^~~~~~~~~~~~~~
[219/479] Building C object libbluepad32/CMakeFiles/bluepad32.dir/C_/Users/Diversecity/pico-sdk/lib/btstack/src/classic/avdtp_util.c.obj
cc1.exe: warning: command-line option '-Winvalid-offsetof' is valid for C++/ObjC++ but not for C
C:/Users/Diversecity/pico-sdk/lib/btstack/src/classic/avdtp_util.c:38:9: warning: "BTSTACK_FILE__" redefined
   38 | #define BTSTACK_FILE__ "avdtp_util.c"
      |         ^~~~~~~~~~~~~~
In file included from C:/Users/Diversecity/pico-sdk/lib/btstack/src/btstack.h:62,
                 from C:/Users/Diversecity/Desktop/picoboot-bt to picoboot2w/PicoBoot-BT-2W/src/btstack_hids_compat.h:15,
                 from <command-line>:
C:/Users/Diversecity/pico-sdk/lib/btstack/src/btstack_debug.h:68:9: note: this is the location of the previous definition
   68 | #define BTSTACK_FILE__ __FILE__
      |         ^~~~~~~~~~~~~~
[220/479] Building C object libbluepad32/CMakeFiles/bluepad32.dir/C_/Users/Diversecity/pico-sdk/lib/btstack/src/classic/avrcp_browsing_target.c.obj
cc1.exe: warning: command-line option '-Winvalid-offsetof' is valid for C++/ObjC++ but not for C
C:/Users/Diversecity/pico-sdk/lib/btstack/src/classic/avrcp_browsing_target.c:38:9: warning: "BTSTACK_FILE__" redefined
   38 | #define BTSTACK_FILE__ "avrcp_browsing_target.c"
      |         ^~~~~~~~~~~~~~
In file included from C:/Users/Diversecity/pico-sdk/lib/btstack/src/btstack.h:62,
                 from C:/Users/Diversecity/Desktop/picoboot-bt to picoboot2w/PicoBoot-BT-2W/src/btstack_hids_compat.h:15,
                 from <command-line>:
C:/Users/Diversecity/pico-sdk/lib/btstack/src/btstack_debug.h:68:9: note: this is the location of the previous definition
   68 | #define BTSTACK_FILE__ __FILE__
      |         ^~~~~~~~~~~~~~
[221/479] Building C object libbluepad32/CMakeFiles/bluepad32.dir/C_/Users/Diversecity/pico-sdk/lib/btstack/src/classic/avrcp_cover_art_client.c.obj
cc1.exe: warning: command-line option '-Winvalid-offsetof' is valid for C++/ObjC++ but not for C
C:/Users/Diversecity/pico-sdk/lib/btstack/src/classic/avrcp_cover_art_client.c:38:9: warning: "BTSTACK_FILE__" redefined
   38 | #define BTSTACK_FILE__ "avrcp_cover_art_client.c"
      |         ^~~~~~~~~~~~~~
In file included from C:/Users/Diversecity/pico-sdk/lib/btstack/src/btstack.h:62,
                 from C:/Users/Diversecity/Desktop/picoboot-bt to picoboot2w/PicoBoot-BT-2W/src/btstack_hids_compat.h:15,
                 from <command-line>:
C:/Users/Diversecity/pico-sdk/lib/btstack/src/btstack_debug.h:68:9: note: this is the location of the previous definition
   68 | #define BTSTACK_FILE__ __FILE__
      |         ^~~~~~~~~~~~~~
[222/479] Building C object libbluepad32/CMakeFiles/bluepad32.dir/C_/Users/Diversecity/pico-sdk/lib/btstack/src/classic/avrcp_media_item_iterator.c.obj
cc1.exe: warning: command-line option '-Winvalid-offsetof' is valid for C++/ObjC++ but not for C
C:/Users/Diversecity/pico-sdk/lib/btstack/src/classic/avrcp_media_item_iterator.c:38:9: warning: "BTSTACK_FILE__" redefined
   38 | #define BTSTACK_FILE__ "avrcp_media_item_iterator.c"
      |         ^~~~~~~~~~~~~~
In file included from C:/Users/Diversecity/pico-sdk/lib/btstack/src/btstack.h:62,
                 from C:/Users/Diversecity/Desktop/picoboot-bt to picoboot2w/PicoBoot-BT-2W/src/btstack_hids_compat.h:15,
                 from <command-line>:
C:/Users/Diversecity/pico-sdk/lib/btstack/src/btstack_debug.h:68:9: note: this is the location of the previous definition
   68 | #define BTSTACK_FILE__ __FILE__
      |         ^~~~~~~~~~~~~~
[223/479] Building C object libbluepad32/CMakeFiles/bluepad32.dir/C_/Users/Diversecity/pico-sdk/lib/btstack/src/classic/avrcp.c.obj
cc1.exe: warning: command-line option '-Winvalid-offsetof' is valid for C++/ObjC++ but not for C
C:/Users/Diversecity/pico-sdk/lib/btstack/src/classic/avrcp.c:38:9: warning: "BTSTACK_FILE__" redefined
   38 | #define BTSTACK_FILE__ "avrcp.c"
      |         ^~~~~~~~~~~~~~
In file included from C:/Users/Diversecity/pico-sdk/lib/btstack/src/btstack.h:62,
                 from C:/Users/Diversecity/Desktop/picoboot-bt to picoboot2w/PicoBoot-BT-2W/src/btstack_hids_compat.h:15,
                 from <command-line>:
C:/Users/Diversecity/pico-sdk/lib/btstack/src/btstack_debug.h:68:9: note: this is the location of the previous definition
   68 | #define BTSTACK_FILE__ __FILE__
      |         ^~~~~~~~~~~~~~
[224/479] Building C object libbluepad32/CMakeFiles/bluepad32.dir/C_/Users/Diversecity/pico-sdk/lib/btstack/src/classic/btstack_cvsd_plc.c.obj
cc1.exe: warning: command-line option '-Winvalid-offsetof' is valid for C++/ObjC++ but not for C
C:/Users/Diversecity/pico-sdk/lib/btstack/src/classic/btstack_cvsd_plc.c:38:9: warning: "BTSTACK_FILE__" redefined
   38 | #define BTSTACK_FILE__ "btstack_cvsd_plc.c"
      |         ^~~~~~~~~~~~~~
In file included from C:/Users/Diversecity/pico-sdk/lib/btstack/src/btstack.h:62,
                 from C:/Users/Diversecity/Desktop/picoboot-bt to picoboot2w/PicoBoot-BT-2W/src/btstack_hids_compat.h:15,
                 from <command-line>:
C:/Users/Diversecity/pico-sdk/lib/btstack/src/btstack_debug.h:68:9: note: this is the location of the previous definition
   68 | #define BTSTACK_FILE__ __FILE__
      |         ^~~~~~~~~~~~~~
[225/479] Building C object libbluepad32/CMakeFiles/bluepad32.dir/C_/Users/Diversecity/pico-sdk/lib/btstack/src/classic/btstack_link_key_db_tlv.c.obj
cc1.exe: warning: command-line option '-Winvalid-offsetof' is valid for C++/ObjC++ but not for C
C:/Users/Diversecity/pico-sdk/lib/btstack/src/classic/btstack_link_key_db_tlv.c:38:9: warning: "BTSTACK_FILE__" redefined
   38 | #define BTSTACK_FILE__ "btstack_link_key_db_tlv.c"
      |         ^~~~~~~~~~~~~~
In file included from C:/Users/Diversecity/pico-sdk/lib/btstack/src/btstack.h:62,
                 from C:/Users/Diversecity/Desktop/picoboot-bt to picoboot2w/PicoBoot-BT-2W/src/btstack_hids_compat.h:15,
                 from <command-line>:
C:/Users/Diversecity/pico-sdk/lib/btstack/src/btstack_debug.h:68:9: note: this is the location of the previous definition
   68 | #define BTSTACK_FILE__ __FILE__
      |         ^~~~~~~~~~~~~~
[226/479] Building C object libbluepad32/CMakeFiles/bluepad32.dir/C_/Users/Diversecity/pico-sdk/lib/btstack/src/classic/avrcp_controller.c.obj
cc1.exe: warning: command-line option '-Winvalid-offsetof' is valid for C++/ObjC++ but not for C
C:/Users/Diversecity/pico-sdk/lib/btstack/src/classic/avrcp_controller.c:38:9: warning: "BTSTACK_FILE__" redefined
   38 | #define BTSTACK_FILE__ "avrcp_controller.c"
      |         ^~~~~~~~~~~~~~
In file included from C:/Users/Diversecity/pico-sdk/lib/btstack/src/btstack.h:62,
                 from C:/Users/Diversecity/Desktop/picoboot-bt to picoboot2w/PicoBoot-BT-2W/src/btstack_hids_compat.h:15,
                 from <command-line>:
C:/Users/Diversecity/pico-sdk/lib/btstack/src/btstack_debug.h:68:9: note: this is the location of the previous definition
   68 | #define BTSTACK_FILE__ __FILE__
      |         ^~~~~~~~~~~~~~
[227/479] Building C object libbluepad32/CMakeFiles/bluepad32.dir/C_/Users/Diversecity/pico-sdk/lib/btstack/src/classic/device_id_server.c.obj
cc1.exe: warning: command-line option '-Winvalid-offsetof' is valid for C++/ObjC++ but not for C
C:/Users/Diversecity/pico-sdk/lib/btstack/src/classic/device_id_server.c:38:9: warning: "BTSTACK_FILE__" redefined
   38 | #define BTSTACK_FILE__ "device_id_server.c"
      |         ^~~~~~~~~~~~~~
In file included from C:/Users/Diversecity/pico-sdk/lib/btstack/src/btstack.h:62,
                 from C:/Users/Diversecity/Desktop/picoboot-bt to picoboot2w/PicoBoot-BT-2W/src/btstack_hids_compat.h:15,
                 from <command-line>:
C:/Users/Diversecity/pico-sdk/lib/btstack/src/btstack_debug.h:68:9: note: this is the location of the previous definition
   68 | #define BTSTACK_FILE__ __FILE__
      |         ^~~~~~~~~~~~~~
[228/479] Building C object libbluepad32/CMakeFiles/bluepad32.dir/C_/Users/Diversecity/pico-sdk/lib/btstack/src/classic/avrcp_target.c.obj
cc1.exe: warning: command-line option '-Winvalid-offsetof' is valid for C++/ObjC++ but not for C
C:/Users/Diversecity/pico-sdk/lib/btstack/src/classic/avrcp_target.c:38:9: warning: "BTSTACK_FILE__" redefined
   38 | #define BTSTACK_FILE__ "avrcp_target.c"
      |         ^~~~~~~~~~~~~~
In file included from C:/Users/Diversecity/pico-sdk/lib/btstack/src/btstack.h:62,
                 from C:/Users/Diversecity/Desktop/picoboot-bt to picoboot2w/PicoBoot-BT-2W/src/btstack_hids_compat.h:15,
                 from <command-line>:
C:/Users/Diversecity/pico-sdk/lib/btstack/src/btstack_debug.h:68:9: note: this is the location of the previous definition
   68 | #define BTSTACK_FILE__ __FILE__
      |         ^~~~~~~~~~~~~~
[229/479] Building C object libbluepad32/CMakeFiles/bluepad32.dir/C_/Users/Diversecity/pico-sdk/lib/btstack/src/classic/btstack_sbc_plc.c.obj
cc1.exe: warning: command-line option '-Winvalid-offsetof' is valid for C++/ObjC++ but not for C
C:/Users/Diversecity/pico-sdk/lib/btstack/src/classic/btstack_sbc_plc.c:38:9: warning: "BTSTACK_FILE__" redefined
   38 | #define BTSTACK_FILE__ "btstack_sbc_plc.c"
      |         ^~~~~~~~~~~~~~
In file included from C:/Users/Diversecity/pico-sdk/lib/btstack/src/btstack.h:62,
                 from C:/Users/Diversecity/Desktop/picoboot-bt to picoboot2w/PicoBoot-BT-2W/src/btstack_hids_compat.h:15,
                 from <command-line>:
C:/Users/Diversecity/pico-sdk/lib/btstack/src/btstack_debug.h:68:9: note: this is the location of the previous definition
   68 | #define BTSTACK_FILE__ __FILE__
      |         ^~~~~~~~~~~~~~
[230/479] Building C object libbluepad32/CMakeFiles/bluepad32.dir/C_/Users/Diversecity/pico-sdk/lib/btstack/src/classic/gatt_sdp.c.obj
cc1.exe: warning: command-line option '-Winvalid-offsetof' is valid for C++/ObjC++ but not for C
C:/Users/Diversecity/pico-sdk/lib/btstack/src/classic/gatt_sdp.c:38:9: warning: "BTSTACK_FILE__" redefined
   38 | #define BTSTACK_FILE__ "gatt_sdp.c"
      |         ^~~~~~~~~~~~~~
In file included from C:/Users/Diversecity/pico-sdk/lib/btstack/src/btstack.h:62,
                 from C:/Users/Diversecity/Desktop/picoboot-bt to picoboot2w/PicoBoot-BT-2W/src/btstack_hids_compat.h:15,
                 from <command-line>:
C:/Users/Diversecity/pico-sdk/lib/btstack/src/btstack_debug.h:68:9: note: this is the location of the previous definition
   68 | #define BTSTACK_FILE__ __FILE__
      |         ^~~~~~~~~~~~~~
[231/479] Building C object libbluepad32/CMakeFiles/bluepad32.dir/C_/Users/Diversecity/pico-sdk/lib/btstack/src/classic/goep_server.c.obj
cc1.exe: warning: command-line option '-Winvalid-offsetof' is valid for C++/ObjC++ but not for C
C:/Users/Diversecity/pico-sdk/lib/btstack/src/classic/goep_server.c:38:9: warning: "BTSTACK_FILE__" redefined
   38 | #define BTSTACK_FILE__ "goep_server.c"
      |         ^~~~~~~~~~~~~~
In file included from C:/Users/Diversecity/pico-sdk/lib/btstack/src/btstack.h:62,
                 from C:/Users/Diversecity/Desktop/picoboot-bt to picoboot2w/PicoBoot-BT-2W/src/btstack_hids_compat.h:15,
                 from <command-line>:
C:/Users/Diversecity/pico-sdk/lib/btstack/src/btstack_debug.h:68:9: note: this is the location of the previous definition
   68 | #define BTSTACK_FILE__ __FILE__
      |         ^~~~~~~~~~~~~~
[232/479] Building C object libbluepad32/CMakeFiles/bluepad32.dir/C_/Users/Diversecity/pico-sdk/lib/btstack/src/classic/goep_client.c.obj
cc1.exe: warning: command-line option '-Winvalid-offsetof' is valid for C++/ObjC++ but not for C
C:/Users/Diversecity/pico-sdk/lib/btstack/src/classic/goep_client.c:38:9: warning: "BTSTACK_FILE__" redefined
   38 | #define BTSTACK_FILE__ "goep_client.c"
      |         ^~~~~~~~~~~~~~
In file included from C:/Users/Diversecity/pico-sdk/lib/btstack/src/btstack.h:62,
                 from C:/Users/Diversecity/Desktop/picoboot-bt to picoboot2w/PicoBoot-BT-2W/src/btstack_hids_compat.h:15,
                 from <command-line>:
C:/Users/Diversecity/pico-sdk/lib/btstack/src/btstack_debug.h:68:9: note: this is the location of the previous definition
   68 | #define BTSTACK_FILE__ __FILE__
      |         ^~~~~~~~~~~~~~
[233/479] Building C object libbluepad32/CMakeFiles/bluepad32.dir/C_/Users/Diversecity/pico-sdk/lib/btstack/src/classic/avrcp_browsing.c.obj
cc1.exe: warning: command-line option '-Winvalid-offsetof' is valid for C++/ObjC++ but not for C
C:/Users/Diversecity/pico-sdk/lib/btstack/src/classic/avrcp_browsing.c:38:9: warning: "BTSTACK_FILE__" redefined
   38 | #define BTSTACK_FILE__ "avrcp_browsing.c"
      |         ^~~~~~~~~~~~~~
In file included from C:/Users/Diversecity/pico-sdk/lib/btstack/src/btstack.h:62,
                 from C:/Users/Diversecity/Desktop/picoboot-bt to picoboot2w/PicoBoot-BT-2W/src/btstack_hids_compat.h:15,
                 from <command-line>:
C:/Users/Diversecity/pico-sdk/lib/btstack/src/btstack_debug.h:68:9: note: this is the location of the previous definition
   68 | #define BTSTACK_FILE__ __FILE__
      |         ^~~~~~~~~~~~~~
[234/479] Building C object libbluepad32/CMakeFiles/bluepad32.dir/C_/Users/Diversecity/pico-sdk/lib/btstack/src/classic/hfp_gsm_model.c.obj
cc1.exe: warning: command-line option '-Winvalid-offsetof' is valid for C++/ObjC++ but not for C
C:/Users/Diversecity/pico-sdk/lib/btstack/src/classic/hfp_gsm_model.c:38:9: warning: "BTSTACK_FILE__" redefined
   38 | #define BTSTACK_FILE__ "hfp_gsm_model.c"
      |         ^~~~~~~~~~~~~~
In file included from C:/Users/Diversecity/pico-sdk/lib/btstack/src/btstack.h:62,
                 from C:/Users/Diversecity/Desktop/picoboot-bt to picoboot2w/PicoBoot-BT-2W/src/btstack_hids_compat.h:15,
                 from <command-line>:
C:/Users/Diversecity/pico-sdk/lib/btstack/src/btstack_debug.h:68:9: note: this is the location of the previous definition
   68 | #define BTSTACK_FILE__ __FILE__
      |         ^~~~~~~~~~~~~~
[235/479] Building C object libbluepad32/CMakeFiles/bluepad32.dir/C_/Users/Diversecity/pico-sdk/lib/btstack/src/classic/hfp.c.obj
cc1.exe: warning: command-line option '-Winvalid-offsetof' is valid for C++/ObjC++ but not for C
C:/Users/Diversecity/pico-sdk/lib/btstack/src/classic/hfp.c:38:9: warning: "BTSTACK_FILE__" redefined
   38 | #define BTSTACK_FILE__ "hfp.c"
      |         ^~~~~~~~~~~~~~
In file included from C:/Users/Diversecity/pico-sdk/lib/btstack/src/btstack.h:62,
                 from C:/Users/Diversecity/Desktop/picoboot-bt to picoboot2w/PicoBoot-BT-2W/src/btstack_hids_compat.h:15,
                 from <command-line>:
C:/Users/Diversecity/pico-sdk/lib/btstack/src/btstack_debug.h:68:9: note: this is the location of the previous definition
   68 | #define BTSTACK_FILE__ __FILE__
      |         ^~~~~~~~~~~~~~
[236/479] Building C object libbluepad32/CMakeFiles/bluepad32.dir/C_/Users/Diversecity/pico-sdk/lib/btstack/src/hci.c.obj
cc1.exe: warning: command-line option '-Winvalid-offsetof' is valid for C++/ObjC++ but not for C
C:/Users/Diversecity/pico-sdk/lib/btstack/src/hci.c:38:9: warning: "BTSTACK_FILE__" redefined
   38 | #define BTSTACK_FILE__ "hci.c"
      |         ^~~~~~~~~~~~~~
In file included from C:/Users/Diversecity/pico-sdk/lib/btstack/src/btstack.h:62,
                 from C:/Users/Diversecity/Desktop/picoboot-bt to picoboot2w/PicoBoot-BT-2W/src/btstack_hids_compat.h:15,
                 from <command-line>:
C:/Users/Diversecity/pico-sdk/lib/btstack/src/btstack_debug.h:68:9: note: this is the location of the previous definition
   68 | #define BTSTACK_FILE__ __FILE__
      |         ^~~~~~~~~~~~~~
[237/479] Building C object libbluepad32/CMakeFiles/bluepad32.dir/C_/Users/Diversecity/pico-sdk/lib/btstack/src/classic/hsp_ag.c.obj
cc1.exe: warning: command-line option '-Winvalid-offsetof' is valid for C++/ObjC++ but not for C
C:/Users/Diversecity/pico-sdk/lib/btstack/src/classic/hsp_ag.c:38:9: warning: "BTSTACK_FILE__" redefined
   38 | #define BTSTACK_FILE__ "hsp_ag.c"
      |         ^~~~~~~~~~~~~~
In file included from C:/Users/Diversecity/pico-sdk/lib/btstack/src/btstack.h:62,
                 from C:/Users/Diversecity/Desktop/picoboot-bt to picoboot2w/PicoBoot-BT-2W/src/btstack_hids_compat.h:15,
                 from <command-line>:
C:/Users/Diversecity/pico-sdk/lib/btstack/src/btstack_debug.h:68:9: note: this is the location of the previous definition
   68 | #define BTSTACK_FILE__ __FILE__
      |         ^~~~~~~~~~~~~~
[238/479] Building C object libbluepad32/CMakeFiles/bluepad32.dir/C_/Users/Diversecity/pico-sdk/lib/btstack/src/classic/hfp_ag.c.obj
cc1.exe: warning: command-line option '-Winvalid-offsetof' is valid for C++/ObjC++ but not for C
C:/Users/Diversecity/pico-sdk/lib/btstack/src/classic/hfp_ag.c:38:9: warning: "BTSTACK_FILE__" redefined
   38 | #define BTSTACK_FILE__ "hfp_ag.c"
      |         ^~~~~~~~~~~~~~
In file included from C:/Users/Diversecity/pico-sdk/lib/btstack/src/btstack.h:62,
                 from C:/Users/Diversecity/Desktop/picoboot-bt to picoboot2w/PicoBoot-BT-2W/src/btstack_hids_compat.h:15,
                 from <command-line>:
C:/Users/Diversecity/pico-sdk/lib/btstack/src/btstack_debug.h:68:9: note: this is the location of the previous definition
   68 | #define BTSTACK_FILE__ __FILE__
      |         ^~~~~~~~~~~~~~
[239/479] Building C object libbluepad32/CMakeFiles/bluepad32.dir/C_/Users/Diversecity/pico-sdk/lib/btstack/src/classic/hid_host.c.obj
cc1.exe: warning: command-line option '-Winvalid-offsetof' is valid for C++/ObjC++ but not for C
C:/Users/Diversecity/pico-sdk/lib/btstack/src/classic/hid_host.c:38:9: warning: "BTSTACK_FILE__" redefined
   38 | #define BTSTACK_FILE__ "hid_host.c"
      |         ^~~~~~~~~~~~~~
In file included from C:/Users/Diversecity/pico-sdk/lib/btstack/src/btstack.h:62,
                 from C:/Users/Diversecity/Desktop/picoboot-bt to picoboot2w/PicoBoot-BT-2W/src/btstack_hids_compat.h:15,
                 from <command-line>:
C:/Users/Diversecity/pico-sdk/lib/btstack/src/btstack_debug.h:68:9: note: this is the location of the previous definition
   68 | #define BTSTACK_FILE__ __FILE__
      |         ^~~~~~~~~~~~~~
[240/479] Building C object libbluepad32/CMakeFiles/bluepad32.dir/C_/Users/Diversecity/pico-sdk/lib/btstack/src/classic/hfp_hf.c.obj
cc1.exe: warning: command-line option '-Winvalid-offsetof' is valid for C++/ObjC++ but not for C
C:/Users/Diversecity/pico-sdk/lib/btstack/src/classic/hfp_hf.c:38:9: warning: "BTSTACK_FILE__" redefined
   38 | #define BTSTACK_FILE__ "hfp_hf.c"
      |         ^~~~~~~~~~~~~~
In file included from C:/Users/Diversecity/pico-sdk/lib/btstack/src/btstack.h:62,
                 from C:/Users/Diversecity/Desktop/picoboot-bt to picoboot2w/PicoBoot-BT-2W/src/btstack_hids_compat.h:15,
                 from <command-line>:
C:/Users/Diversecity/pico-sdk/lib/btstack/src/btstack_debug.h:68:9: note: this is the location of the previous definition
   68 | #define BTSTACK_FILE__ __FILE__
      |         ^~~~~~~~~~~~~~
[241/479] Building C object libbluepad32/CMakeFiles/bluepad32.dir/C_/Users/Diversecity/pico-sdk/lib/btstack/src/classic/obex_iterator.c.obj
cc1.exe: warning: command-line option '-Winvalid-offsetof' is valid for C++/ObjC++ but not for C
C:/Users/Diversecity/pico-sdk/lib/btstack/src/classic/obex_iterator.c:38:9: warning: "BTSTACK_FILE__" redefined
   38 | #define BTSTACK_FILE__ "obex_iterator.c"
      |         ^~~~~~~~~~~~~~
In file included from C:/Users/Diversecity/pico-sdk/lib/btstack/src/btstack.h:62,
                 from C:/Users/Diversecity/Desktop/picoboot-bt to picoboot2w/PicoBoot-BT-2W/src/btstack_hids_compat.h:15,
                 from <command-line>:
C:/Users/Diversecity/pico-sdk/lib/btstack/src/btstack_debug.h:68:9: note: this is the location of the previous definition
   68 | #define BTSTACK_FILE__ __FILE__
      |         ^~~~~~~~~~~~~~
[242/479] Building C object libbluepad32/CMakeFiles/bluepad32.dir/C_/Users/Diversecity/pico-sdk/lib/btstack/src/classic/hsp_hs.c.obj
cc1.exe: warning: command-line option '-Winvalid-offsetof' is valid for C++/ObjC++ but not for C
C:/Users/Diversecity/pico-sdk/lib/btstack/src/classic/hsp_hs.c:38:9: warning: "BTSTACK_FILE__" redefined
   38 | #define BTSTACK_FILE__ "hsp_hs.c"
      |         ^~~~~~~~~~~~~~
In file included from C:/Users/Diversecity/pico-sdk/lib/btstack/src/btstack.h:62,
                 from C:/Users/Diversecity/Desktop/picoboot-bt to picoboot2w/PicoBoot-BT-2W/src/btstack_hids_compat.h:15,
                 from <command-line>:
C:/Users/Diversecity/pico-sdk/lib/btstack/src/btstack_debug.h:68:9: note: this is the location of the previous definition
   68 | #define BTSTACK_FILE__ __FILE__
      |         ^~~~~~~~~~~~~~
[243/479] Building C object libbluepad32/CMakeFiles/bluepad32.dir/C_/Users/Diversecity/pico-sdk/lib/btstack/src/classic/obex_parser.c.obj
cc1.exe: warning: command-line option '-Winvalid-offsetof' is valid for C++/ObjC++ but not for C
C:/Users/Diversecity/pico-sdk/lib/btstack/src/classic/obex_parser.c:38:9: warning: "BTSTACK_FILE__" redefined
   38 | #define BTSTACK_FILE__ "obex_parser.c"
      |         ^~~~~~~~~~~~~~
In file included from C:/Users/Diversecity/pico-sdk/lib/btstack/src/btstack.h:62,
                 from C:/Users/Diversecity/Desktop/picoboot-bt to picoboot2w/PicoBoot-BT-2W/src/btstack_hids_compat.h:15,
                 from <command-line>:
C:/Users/Diversecity/pico-sdk/lib/btstack/src/btstack_debug.h:68:9: note: this is the location of the previous definition
   68 | #define BTSTACK_FILE__ __FILE__
      |         ^~~~~~~~~~~~~~
[244/479] Building C object libbluepad32/CMakeFiles/bluepad32.dir/C_/Users/Diversecity/pico-sdk/lib/btstack/src/classic/obex_message_builder.c.obj
cc1.exe: warning: command-line option '-Winvalid-offsetof' is valid for C++/ObjC++ but not for C
C:/Users/Diversecity/pico-sdk/lib/btstack/src/classic/obex_message_builder.c:38:9: warning: "BTSTACK_FILE__" redefined
   38 | #define BTSTACK_FILE__ "obex_message_builder.c"
      |         ^~~~~~~~~~~~~~
In file included from C:/Users/Diversecity/pico-sdk/lib/btstack/src/btstack.h:62,
                 from C:/Users/Diversecity/Desktop/picoboot-bt to picoboot2w/PicoBoot-BT-2W/src/btstack_hids_compat.h:15,
                 from <command-line>:
C:/Users/Diversecity/pico-sdk/lib/btstack/src/btstack_debug.h:68:9: note: this is the location of the previous definition
   68 | #define BTSTACK_FILE__ __FILE__
      |         ^~~~~~~~~~~~~~
[245/479] Building C object libbluepad32/CMakeFiles/bluepad32.dir/C_/Users/Diversecity/pico-sdk/lib/btstack/src/classic/pan.c.obj
cc1.exe: warning: command-line option '-Winvalid-offsetof' is valid for C++/ObjC++ but not for C
C:/Users/Diversecity/pico-sdk/lib/btstack/src/classic/pan.c:38:9: warning: "BTSTACK_FILE__" redefined
   38 | #define BTSTACK_FILE__ "pan.c"
      |         ^~~~~~~~~~~~~~
In file included from C:/Users/Diversecity/pico-sdk/lib/btstack/src/btstack.h:62,
                 from C:/Users/Diversecity/Desktop/picoboot-bt to picoboot2w/PicoBoot-BT-2W/src/btstack_hids_compat.h:15,
                 from <command-line>:
C:/Users/Diversecity/pico-sdk/lib/btstack/src/btstack_debug.h:68:9: note: this is the location of the previous definition
   68 | #define BTSTACK_FILE__ __FILE__
      |         ^~~~~~~~~~~~~~
[246/479] Building C object libbluepad32/CMakeFiles/bluepad32.dir/C_/Users/Diversecity/pico-sdk/lib/btstack/src/classic/sdp_client.c.obj
cc1.exe: warning: command-line option '-Winvalid-offsetof' is valid for C++/ObjC++ but not for C
C:/Users/Diversecity/pico-sdk/lib/btstack/src/classic/sdp_client.c:38:9: warning: "BTSTACK_FILE__" redefined
   38 | #define BTSTACK_FILE__ "sdp_client.c"
      |         ^~~~~~~~~~~~~~
In file included from C:/Users/Diversecity/pico-sdk/lib/btstack/src/btstack.h:62,
                 from C:/Users/Diversecity/Desktop/picoboot-bt to picoboot2w/PicoBoot-BT-2W/src/btstack_hids_compat.h:15,
                 from <command-line>:
C:/Users/Diversecity/pico-sdk/lib/btstack/src/btstack_debug.h:68:9: note: this is the location of the previous definition
   68 | #define BTSTACK_FILE__ __FILE__
      |         ^~~~~~~~~~~~~~
[247/479] Building C object libbluepad32/CMakeFiles/bluepad32.dir/C_/Users/Diversecity/pico-sdk/lib/btstack/src/classic/sdp_client_rfcomm.c.obj
cc1.exe: warning: command-line option '-Winvalid-offsetof' is valid for C++/ObjC++ but not for C
C:/Users/Diversecity/pico-sdk/lib/btstack/src/classic/sdp_client_rfcomm.c:38:9: warning: "BTSTACK_FILE__" redefined
   38 | #define BTSTACK_FILE__ "sdp_client_rfcomm.c"
      |         ^~~~~~~~~~~~~~
In file included from C:/Users/Diversecity/pico-sdk/lib/btstack/src/btstack.h:62,
                 from C:/Users/Diversecity/Desktop/picoboot-bt to picoboot2w/PicoBoot-BT-2W/src/btstack_hids_compat.h:15,
                 from <command-line>:
C:/Users/Diversecity/pico-sdk/lib/btstack/src/btstack_debug.h:68:9: note: this is the location of the previous definition
   68 | #define BTSTACK_FILE__ __FILE__
      |         ^~~~~~~~~~~~~~
[248/479] Building C object libbluepad32/CMakeFiles/bluepad32.dir/C_/Users/Diversecity/pico-sdk/lib/btstack/src/classic/pbap_client.c.obj
cc1.exe: warning: command-line option '-Winvalid-offsetof' is valid for C++/ObjC++ but not for C
C:/Users/Diversecity/pico-sdk/lib/btstack/src/classic/pbap_client.c:38:9: warning: "BTSTACK_FILE__" redefined
   38 | #define BTSTACK_FILE__ "pbap_client.c"
      |         ^~~~~~~~~~~~~~
In file included from C:/Users/Diversecity/pico-sdk/lib/btstack/src/btstack.h:62,
                 from C:/Users/Diversecity/Desktop/picoboot-bt to picoboot2w/PicoBoot-BT-2W/src/btstack_hids_compat.h:15,
                 from <command-line>:
C:/Users/Diversecity/pico-sdk/lib/btstack/src/btstack_debug.h:68:9: note: this is the location of the previous definition
   68 | #define BTSTACK_FILE__ __FILE__
      |         ^~~~~~~~~~~~~~
[249/479] Building C object libbluepad32/CMakeFiles/bluepad32.dir/C_/Users/Diversecity/pico-sdk/lib/btstack/src/classic/sdp_server.c.obj
cc1.exe: warning: command-line option '-Winvalid-offsetof' is valid for C++/ObjC++ but not for C
C:/Users/Diversecity/pico-sdk/lib/btstack/src/classic/sdp_server.c:38:9: warning: "BTSTACK_FILE__" redefined
   38 | #define BTSTACK_FILE__ "sdp_server.c"
      |         ^~~~~~~~~~~~~~
In file included from C:/Users/Diversecity/pico-sdk/lib/btstack/src/btstack.h:62,
                 from C:/Users/Diversecity/Desktop/picoboot-bt to picoboot2w/PicoBoot-BT-2W/src/btstack_hids_compat.h:15,
                 from <command-line>:
C:/Users/Diversecity/pico-sdk/lib/btstack/src/btstack_debug.h:68:9: note: this is the location of the previous definition
   68 | #define BTSTACK_FILE__ __FILE__
      |         ^~~~~~~~~~~~~~
[250/479] Building C object libbluepad32/CMakeFiles/bluepad32.dir/C_/Users/Diversecity/pico-sdk/lib/btstack/src/classic/rfcomm.c.obj
cc1.exe: warning: command-line option '-Winvalid-offsetof' is valid for C++/ObjC++ but not for C
C:/Users/Diversecity/pico-sdk/lib/btstack/src/classic/rfcomm.c:38:9: warning: "BTSTACK_FILE__" redefined
   38 | #define BTSTACK_FILE__ "rfcomm.c"
      |         ^~~~~~~~~~~~~~
In file included from C:/Users/Diversecity/pico-sdk/lib/btstack/src/btstack.h:62,
                 from C:/Users/Diversecity/Desktop/picoboot-bt to picoboot2w/PicoBoot-BT-2W/src/btstack_hids_compat.h:15,
                 from <command-line>:
C:/Users/Diversecity/pico-sdk/lib/btstack/src/btstack_debug.h:68:9: note: this is the location of the previous definition
   68 | #define BTSTACK_FILE__ __FILE__
      |         ^~~~~~~~~~~~~~
[251/479] Building C object libbluepad32/CMakeFiles/bluepad32.dir/C_/Users/Diversecity/pico-sdk/lib/btstack/src/classic/spp_server.c.obj
cc1.exe: warning: command-line option '-Winvalid-offsetof' is valid for C++/ObjC++ but not for C
C:/Users/Diversecity/pico-sdk/lib/btstack/src/classic/spp_server.c:38:9: warning: "BTSTACK_FILE__" redefined
   38 | #define BTSTACK_FILE__ "spp_server.c"
      |         ^~~~~~~~~~~~~~
In file included from C:/Users/Diversecity/pico-sdk/lib/btstack/src/btstack.h:62,
                 from C:/Users/Diversecity/Desktop/picoboot-bt to picoboot2w/PicoBoot-BT-2W/src/btstack_hids_compat.h:15,
                 from <command-line>:
C:/Users/Diversecity/pico-sdk/lib/btstack/src/btstack_debug.h:68:9: note: this is the location of the previous definition
   68 | #define BTSTACK_FILE__ __FILE__
      |         ^~~~~~~~~~~~~~
[252/479] Building C object libbluepad32/CMakeFiles/bluepad32.dir/C_/Users/Diversecity/pico-sdk/lib/btstack/src/classic/obex_srm_client.c.obj
cc1.exe: warning: command-line option '-Winvalid-offsetof' is valid for C++/ObjC++ but not for C
C:/Users/Diversecity/pico-sdk/lib/btstack/src/classic/obex_srm_client.c:38:9: warning: "BTSTACK_FILE__" redefined
   38 | #define BTSTACK_FILE__ "obex_srm_client.c"
      |         ^~~~~~~~~~~~~~
In file included from C:/Users/Diversecity/pico-sdk/lib/btstack/src/btstack.h:62,
                 from C:/Users/Diversecity/Desktop/picoboot-bt to picoboot2w/PicoBoot-BT-2W/src/btstack_hids_compat.h:15,
                 from <command-line>:
C:/Users/Diversecity/pico-sdk/lib/btstack/src/btstack_debug.h:68:9: note: this is the location of the previous definition
   68 | #define BTSTACK_FILE__ __FILE__
      |         ^~~~~~~~~~~~~~
[253/479] Building C object libbluepad32/CMakeFiles/bluepad32.dir/C_/Users/Diversecity/pico-sdk/lib/btstack/src/classic/sdp_util.c.obj
cc1.exe: warning: command-line option '-Winvalid-offsetof' is valid for C++/ObjC++ but not for C
C:/Users/Diversecity/pico-sdk/lib/btstack/src/classic/sdp_util.c:38:9: warning: "BTSTACK_FILE__" redefined
   38 | #define BTSTACK_FILE__ "sdp_util.c"
      |         ^~~~~~~~~~~~~~
In file included from C:/Users/Diversecity/pico-sdk/lib/btstack/src/btstack.h:62,
                 from C:/Users/Diversecity/Desktop/picoboot-bt to picoboot2w/PicoBoot-BT-2W/src/btstack_hids_compat.h:15,
                 from <command-line>:
C:/Users/Diversecity/pico-sdk/lib/btstack/src/btstack_debug.h:68:9: note: this is the location of the previous definition
   68 | #define BTSTACK_FILE__ __FILE__
      |         ^~~~~~~~~~~~~~
[254/479] Building C object libbluepad32/CMakeFiles/bluepad32.dir/C_/Users/Diversecity/pico-sdk/src/rp2_common/pico_cyw43_driver/btstack_cyw43.c.obj
cc1.exe: warning: command-line option '-Winvalid-offsetof' is valid for C++/ObjC++ but not for C
[255/479] Building C object libbluepad32/CMakeFiles/bluepad32.dir/C_/Users/Diversecity/pico-sdk/lib/btstack/src/classic/hfp_msbc.c.obj
cc1.exe: warning: command-line option '-Winvalid-offsetof' is valid for C++/ObjC++ but not for C
C:/Users/Diversecity/pico-sdk/lib/btstack/src/classic/hfp_msbc.c:38:9: warning: "BTSTACK_FILE__" redefined
   38 | #define BTSTACK_FILE__ "hfp_msbc.c"
      |         ^~~~~~~~~~~~~~
In file included from C:/Users/Diversecity/pico-sdk/lib/btstack/src/btstack.h:62,
                 from C:/Users/Diversecity/Desktop/picoboot-bt to picoboot2w/PicoBoot-BT-2W/src/btstack_hids_compat.h:15,
                 from <command-line>:
C:/Users/Diversecity/pico-sdk/lib/btstack/src/btstack_debug.h:68:9: note: this is the location of the previous definition
   68 | #define BTSTACK_FILE__ __FILE__
      |         ^~~~~~~~~~~~~~
[256/479] Building C object libbluepad32/CMakeFiles/bluepad32.dir/C_/Users/Diversecity/pico-sdk/src/rp2_common/pico_btstack/btstack_flash_bank.c.obj
cc1.exe: warning: command-line option '-Winvalid-offsetof' is valid for C++/ObjC++ but not for C
[257/479] Building C object libbluepad32/CMakeFiles/bluepad32.dir/C_/Users/Diversecity/pico-sdk/src/rp2_common/pico_btstack/btstack_run_loop_async_context.c.obj
cc1.exe: warning: command-line option '-Winvalid-offsetof' is valid for C++/ObjC++ but not for C
[258/479] Building C object libbluepad32/CMakeFiles/bluepad32.dir/C_/Users/Diversecity/pico-sdk/src/rp2_common/pico_cyw43_driver/btstack_hci_transport_cyw43.c.obj
cc1.exe: warning: command-line option '-Winvalid-offsetof' is valid for C++/ObjC++ but not for C
[259/479] Building C object libbluepad32/CMakeFiles/bluepad32.dir/C_/Users/Diversecity/pico-sdk/lib/btstack/src/classic/hid_device.c.obj
cc1.exe: warning: command-line option '-Winvalid-offsetof' is valid for C++/ObjC++ but not for C
C:/Users/Diversecity/pico-sdk/lib/btstack/src/classic/hid_device.c:38:9: warning: "BTSTACK_FILE__" redefined
   38 | #define BTSTACK_FILE__ "hid_device.c"
      |         ^~~~~~~~~~~~~~
In file included from C:/Users/Diversecity/pico-sdk/lib/btstack/src/btstack.h:62,
                 from C:/Users/Diversecity/Desktop/picoboot-bt to picoboot2w/PicoBoot-BT-2W/src/btstack_hids_compat.h:15,
                 from <command-line>:
C:/Users/Diversecity/pico-sdk/lib/btstack/src/btstack_debug.h:68:9: note: this is the location of the previous definition
   68 | #define BTSTACK_FILE__ __FILE__
      |         ^~~~~~~~~~~~~~
[260/479] Building C object libbluepad32/CMakeFiles/bluepad32.dir/C_/Users/Diversecity/pico-sdk/src/rp2_common/pico_cyw43_driver/btstack_chipset_cyw43.c.obj
cc1.exe: warning: command-line option '-Winvalid-offsetof' is valid for C++/ObjC++ but not for C
[261/479] Building C object CMakeFiles/picoboot.dir/src/hw.c.obj
[262/479] Building C object CMakeFiles/picoboot.dir/src/status_led.c.obj
[263/479] Building C object CMakeFiles/picoboot.dir/src/pio.c.obj
[264/479] Building C object CMakeFiles/picoboot.dir/src/status_led/cyw43.c.obj
[265/479] Building C object CMakeFiles/picoboot.dir/src/status_led/gpio.c.obj
[266/479] Building C object CMakeFiles/picoboot.dir/src/picoboot.c.obj
[267/479] Building C object CMakeFiles/picoboot.dir/C_/Users/Diversecity/pico-sdk/src/rp2350/pico_platform/platform.c.obj
[268/479] Building C object CMakeFiles/picoboot.dir/C_/Users/Diversecity/pico-sdk/src/rp2_common/hardware_adc/adc.c.obj
[269/479] Building C object CMakeFiles/picoboot.dir/C_/Users/Diversecity/pico-sdk/src/rp2_common/pico_platform_common/common.c.obj
[270/479] Building C object CMakeFiles/picoboot.dir/src/intercore.c.obj
[271/479] Building ASM object CMakeFiles/picoboot.dir/C_/Users/Diversecity/pico-sdk/src/rp2_common/pico_platform_panic/custom_panic_function.S.obj
[272/479] Building C object CMakeFiles/picoboot.dir/src/gamecube.c.obj
[273/479] Building C object CMakeFiles/picoboot.dir/src/my_platform.c.obj
C:/Users/Diversecity/Desktop/picoboot-bt to picoboot2w/PicoBoot-BT-2W/src/my_platform.c: In function 'my_platform_on_init_complete':
C:/Users/Diversecity/Desktop/picoboot-bt to picoboot2w/PicoBoot-BT-2W/src/my_platform.c:69:5: warning: 'uni_bt_enable_new_connections_unsafe' is deprecated [-Wdeprecated-declarations]
   69 |     uni_bt_enable_new_connections_unsafe(true);
      |     ^~~~~~~~~~~~~~~~~~~~~~~~~~~~~~~~~~~~
In file included from C:/Users/Diversecity/Desktop/picoboot-bt to picoboot2w/PicoBoot-BT-2W/bluepad32/src/components/bluepad32/include/uni.h:17,
                 from C:/Users/Diversecity/Desktop/picoboot-bt to picoboot2w/PicoBoot-BT-2W/src/my_platform.c:10:
C:/Users/Diversecity/Desktop/picoboot-bt to picoboot2w/PicoBoot-BT-2W/bluepad32/src/components/bluepad32/include/bt/uni_bt.h:41:6: note: declared here
   41 | void uni_bt_enable_new_connections_unsafe(bool enabled) __attribute__((deprecated));
      |      ^~~~~~~~~~~~~~~~~~~~~~~~~~~~~~~~~~~~
[274/479] Building C object CMakeFiles/picoboot.dir/C_/Users/Diversecity/pico-sdk/src/rp2_common/pico_platform_panic/panic.c.obj
[275/479] Building C object CMakeFiles/picoboot.dir/C_/Users/Diversecity/pico-sdk/src/rp2_common/hardware_sync/sync.c.obj
[276/479] Building C object CMakeFiles/picoboot.dir/C_/Users/Diversecity/pico-sdk/src/common/hardware_claim/claim.c.obj
[277/479] Building ASM object CMakeFiles/picoboot.dir/C_/Users/Diversecity/pico-sdk/src/rp2_common/hardware_irq/irq_handler_chain.S.obj
[278/479] Building C object CMakeFiles/picoboot.dir/C_/Users/Diversecity/pico-sdk/src/rp2_common/hardware_sync_spin_lock/sync_spin_lock.c.obj
[279/479] Building C object CMakeFiles/picoboot.dir/C_/Users/Diversecity/pico-sdk/src/common/pico_sync/sem.c.obj
[280/479] Building C object CMakeFiles/picoboot.dir/C_/Users/Diversecity/pico-sdk/src/rp2_common/hardware_irq/irq.c.obj
[281/479] Building C object CMakeFiles/picoboot.dir/C_/Users/Diversecity/pico-sdk/src/common/pico_sync/lock_core.c.obj
[282/479] Building C object CMakeFiles/picoboot.dir/C_/Users/Diversecity/pico-sdk/src/rp2_common/hardware_gpio/gpio.c.obj
[283/479] Building C object CMakeFiles/picoboot.dir/C_/Users/Diversecity/pico-sdk/src/common/pico_sync/critical_section.c.obj
[284/479] Building C object CMakeFiles/picoboot.dir/C_/Users/Diversecity/pico-sdk/src/common/pico_sync/mutex.c.obj
[285/479] Building C object CMakeFiles/picoboot.dir/C_/Users/Diversecity/pico-sdk/src/common/pico_time/timeout_helper.c.obj
[286/479] Building C object CMakeFiles/picoboot.dir/C_/Users/Diversecity/pico-sdk/src/common/pico_util/fixed_bitset.c.obj
[287/479] Building C object CMakeFiles/picoboot.dir/C_/Users/Diversecity/pico-sdk/src/common/pico_util/datetime.c.obj
[288/479] Building C object CMakeFiles/picoboot.dir/C_/Users/Diversecity/pico-sdk/src/rp2_common/hardware_timer/timer.c.obj
[289/479] Building C object CMakeFiles/picoboot.dir/C_/Users/Diversecity/pico-sdk/src/common/pico_util/queue.c.obj
[290/479] Building C object CMakeFiles/picoboot.dir/C_/Users/Diversecity/pico-sdk/src/common/pico_util/pheap.c.obj
[291/479] Building C object CMakeFiles/picoboot.dir/C_/Users/Diversecity/pico-sdk/src/rp2_common/hardware_dma/dma.c.obj
[292/479] Building C object CMakeFiles/picoboot.dir/C_/Users/Diversecity/pico-sdk/src/common/pico_time/time.c.obj
[293/479] Building C object CMakeFiles/picoboot.dir/C_/Users/Diversecity/pico-sdk/src/rp2_common/pico_cyw43_arch/cyw43_arch_poll.c.obj
[294/479] Building C object CMakeFiles/picoboot.dir/C_/Users/Diversecity/pico-sdk/src/rp2_common/pico_cyw43_arch/cyw43_arch_freertos.c.obj
[295/479] Building C object CMakeFiles/picoboot.dir/C_/Users/Diversecity/pico-sdk/src/rp2_common/hardware_pio/pio.c.obj
[296/479] Building C object CMakeFiles/picoboot.dir/C_/Users/Diversecity/pico-sdk/src/rp2_common/pico_unique_id/unique_id.c.obj
[297/479] Building C object CMakeFiles/picoboot.dir/C_/Users/Diversecity/pico-sdk/src/rp2_common/pico_cyw43_arch/cyw43_arch.c.obj
[298/479] Building C object CMakeFiles/picoboot.dir/C_/Users/Diversecity/pico-sdk/src/rp2_common/pico_cyw43_arch/cyw43_arch_threadsafe_background.c.obj
[299/479] Building C object CMakeFiles/picoboot.dir/C_/Users/Diversecity/pico-sdk/src/rp2_common/pico_bootrom/bootrom_lock.c.obj
[300/479] Building C object CMakeFiles/picoboot.dir/C_/Users/Diversecity/pico-sdk/src/rp2_common/hardware_boot_lock/boot_lock.c.obj
[301/479] Building C object CMakeFiles/picoboot.dir/C_/Users/Diversecity/pico-sdk/src/rp2_common/hardware_flash/flash.c.obj
[302/479] Building C object CMakeFiles/picoboot.dir/C_/Users/Diversecity/pico-sdk/src/rp2_common/pico_bootrom/bootrom.c.obj
[303/479] Building C object CMakeFiles/picoboot.dir/C_/Users/Diversecity/pico-sdk/src/rp2_common/pico_flash/flash.c.obj
[304/479] Building C object CMakeFiles/picoboot.dir/C_/Users/Diversecity/pico-sdk/src/rp2_common/hardware_xip_cache/xip_cache.c.obj
[305/479] Building C object CMakeFiles/picoboot.dir/C_/Users/Diversecity/pico-sdk/lib/cyw43-driver/src/cyw43_stats.c.obj
[306/479] Building C object CMakeFiles/picoboot.dir/C_/Users/Diversecity/pico-sdk/lib/cyw43-driver/src/cyw43_lwip.c.obj
[307/479] Building C object CMakeFiles/picoboot.dir/C_/Users/Diversecity/pico-sdk/lib/cyw43-driver/src/cyw43_ctrl.c.obj
[308/479] Building C object CMakeFiles/picoboot.dir/C_/Users/Diversecity/pico-sdk/src/rp2_common/pico_cyw43_driver/cyw43_bus_pio_spi.c.obj
[309/479] Building C object CMakeFiles/picoboot.dir/C_/Users/Diversecity/pico-sdk/src/rp2_common/pico_cyw43_driver/cybt_shared_bus/cybt_shared_bus.c.obj
[310/479] Building C object CMakeFiles/picoboot.dir/C_/Users/Diversecity/pico-sdk/src/rp2_common/hardware_exception/exception.c.obj
[311/479] Building C object CMakeFiles/picoboot.dir/C_/Users/Diversecity/pico-sdk/src/rp2_common/pico_cyw43_driver/cybt_shared_bus/cybt_shared_bus_driver.c.obj
[312/479] Building C object CMakeFiles/picoboot.dir/C_/Users/Diversecity/pico-sdk/src/rp2_common/pico_async_context/async_context_base.c.obj
[313/479] Building C object CMakeFiles/picoboot.dir/C_/Users/Diversecity/pico-sdk/src/rp2_common/pico_cyw43_driver/cyw43_driver.c.obj
[314/479] Building C object CMakeFiles/picoboot.dir/C_/Users/Diversecity/pico-sdk/src/rp2_common/pico_async_context/async_context_threadsafe_background.c.obj
[315/479] Building C object CMakeFiles/picoboot.dir/C_/Users/Diversecity/pico-sdk/lib/btstack/src/classic/a2dp_sink.c.obj
[316/479] Building C object CMakeFiles/picoboot.dir/C_/Users/Diversecity/pico-sdk/lib/btstack/src/classic/a2dp_source.c.obj
[317/479] Building C object CMakeFiles/picoboot.dir/C_/Users/Diversecity/pico-sdk/lib/cyw43-driver/src/cyw43_ll.c.obj
[318/479] Building C object CMakeFiles/picoboot.dir/C_/Users/Diversecity/pico-sdk/lib/btstack/src/classic/a2dp.c.obj
[319/479] Building C object CMakeFiles/picoboot.dir/C_/Users/Diversecity/pico-sdk/lib/btstack/src/classic/avdtp_acceptor.c.obj
[320/479] Building C object CMakeFiles/picoboot.dir/C_/Users/Diversecity/pico-sdk/lib/btstack/src/classic/avdtp_sink.c.obj
[321/479] Building C object CMakeFiles/picoboot.dir/C_/Users/Diversecity/pico-sdk/lib/btstack/src/classic/avdtp_initiator.c.obj
[322/479] Building C object CMakeFiles/picoboot.dir/C_/Users/Diversecity/pico-sdk/lib/btstack/src/classic/avdtp_source.c.obj
[323/479] Building C object CMakeFiles/picoboot.dir/C_/Users/Diversecity/pico-sdk/lib/btstack/src/classic/avdtp.c.obj
[324/479] Building C object CMakeFiles/picoboot.dir/C_/Users/Diversecity/pico-sdk/lib/btstack/src/classic/avrcp_browsing.c.obj
[325/479] Building C object CMakeFiles/picoboot.dir/C_/Users/Diversecity/pico-sdk/lib/btstack/src/classic/avrcp_browsing_controller.c.obj
[326/479] Building C object CMakeFiles/picoboot.dir/C_/Users/Diversecity/pico-sdk/lib/btstack/src/classic/avrcp.c.obj
[327/479] Building C object CMakeFiles/picoboot.dir/C_/Users/Diversecity/pico-sdk/lib/btstack/src/classic/avrcp_browsing_target.c.obj
[328/479] Building C object CMakeFiles/picoboot.dir/C_/Users/Diversecity/pico-sdk/lib/btstack/src/classic/avdtp_util.c.obj
[329/479] Building C object CMakeFiles/picoboot.dir/C_/Users/Diversecity/pico-sdk/lib/btstack/src/classic/avrcp_media_item_iterator.c.obj
[330/479] Building C object CMakeFiles/picoboot.dir/C_/Users/Diversecity/pico-sdk/lib/btstack/src/classic/avrcp_cover_art_client.c.obj
[331/479] Building C object CMakeFiles/picoboot.dir/C_/Users/Diversecity/pico-sdk/lib/btstack/src/classic/device_id_server.c.obj
[332/479] Building C object CMakeFiles/picoboot.dir/C_/Users/Diversecity/pico-sdk/lib/btstack/src/classic/btstack_cvsd_plc.c.obj
[333/479] Building C object CMakeFiles/picoboot.dir/C_/Users/Diversecity/pico-sdk/lib/btstack/src/classic/btstack_sbc_plc.c.obj
[334/479] Building C object CMakeFiles/picoboot.dir/C_/Users/Diversecity/pico-sdk/lib/btstack/src/classic/btstack_link_key_db_tlv.c.obj
[335/479] Building C object CMakeFiles/picoboot.dir/C_/Users/Diversecity/pico-sdk/lib/btstack/src/classic/gatt_sdp.c.obj
[336/479] Building C object CMakeFiles/picoboot.dir/C_/Users/Diversecity/pico-sdk/lib/btstack/src/classic/avrcp_target.c.obj
[337/479] Building C object CMakeFiles/picoboot.dir/C_/Users/Diversecity/pico-sdk/lib/btstack/src/classic/avrcp_controller.c.obj
[338/479] Building C object CMakeFiles/picoboot.dir/C_/Users/Diversecity/pico-sdk/lib/btstack/src/classic/goep_server.c.obj
[339/479] Building C object CMakeFiles/picoboot.dir/C_/Users/Diversecity/pico-sdk/lib/btstack/src/classic/goep_client.c.obj
[340/479] Building C object CMakeFiles/picoboot.dir/C_/Users/Diversecity/pico-sdk/lib/btstack/src/classic/hfp_gsm_model.c.obj
[341/479] Building C object CMakeFiles/picoboot.dir/C_/Users/Diversecity/pico-sdk/lib/btstack/src/classic/hfp_msbc.c.obj
[342/479] Building C object CMakeFiles/picoboot.dir/C_/Users/Diversecity/pico-sdk/lib/btstack/src/classic/hfp.c.obj
[343/479] Building C object CMakeFiles/picoboot.dir/C_/Users/Diversecity/pico-sdk/lib/btstack/src/classic/hid_device.c.obj
[344/479] Building C object CMakeFiles/picoboot.dir/C_/Users/Diversecity/pico-sdk/lib/btstack/src/classic/hfp_hf.c.obj
[345/479] Building C object CMakeFiles/picoboot.dir/C_/Users/Diversecity/pico-sdk/lib/btstack/src/classic/hsp_ag.c.obj
[346/479] Building C object CMakeFiles/picoboot.dir/C_/Users/Diversecity/pico-sdk/lib/btstack/src/classic/hid_host.c.obj
[347/479] Building C object CMakeFiles/picoboot.dir/C_/Users/Diversecity/pico-sdk/lib/btstack/src/classic/hfp_ag.c.obj
[348/479] Building C object CMakeFiles/picoboot.dir/C_/Users/Diversecity/pico-sdk/lib/btstack/src/classic/hsp_hs.c.obj
[349/479] Building C object CMakeFiles/picoboot.dir/C_/Users/Diversecity/pico-sdk/lib/btstack/src/classic/obex_iterator.c.obj
[350/479] Building C object CMakeFiles/picoboot.dir/C_/Users/Diversecity/pico-sdk/lib/btstack/src/classic/sdp_client.c.obj
[351/479] Building C object CMakeFiles/picoboot.dir/C_/Users/Diversecity/pico-sdk/lib/btstack/src/classic/sdp_client_rfcomm.c.obj
[352/479] Building C object CMakeFiles/picoboot.dir/C_/Users/Diversecity/pico-sdk/lib/btstack/src/classic/pbap_client.c.obj
[353/479] Building C object CMakeFiles/picoboot.dir/C_/Users/Diversecity/pico-sdk/lib/btstack/src/classic/rfcomm.c.obj
[354/479] Building C object CMakeFiles/picoboot.dir/C_/Users/Diversecity/pico-sdk/lib/btstack/src/classic/obex_parser.c.obj
[355/479] Building C object CMakeFiles/picoboot.dir/C_/Users/Diversecity/pico-sdk/lib/btstack/src/classic/sdp_server.c.obj
[356/479] Building C object CMakeFiles/picoboot.dir/C_/Users/Diversecity/pico-sdk/lib/btstack/src/classic/spp_server.c.obj
[357/479] Building C object CMakeFiles/picoboot.dir/C_/Users/Diversecity/pico-sdk/lib/btstack/src/classic/obex_srm_client.c.obj
[358/479] Building C object CMakeFiles/picoboot.dir/C_/Users/Diversecity/pico-sdk/lib/btstack/src/classic/sdp_util.c.obj
[359/479] Building C object CMakeFiles/picoboot.dir/C_/Users/Diversecity/pico-sdk/lib/btstack/3rd-party/rijndael/rijndael.c.obj
[360/479] Building C object CMakeFiles/picoboot.dir/C_/Users/Diversecity/pico-sdk/lib/btstack/3rd-party/segger-rtt/SEGGER_RTT_printf.c.obj
[361/479] Building C object CMakeFiles/picoboot.dir/C_/Users/Diversecity/pico-sdk/lib/btstack/platform/embedded/btstack_tlv_flash_bank.c.obj
[362/479] Building C object CMakeFiles/picoboot.dir/C_/Users/Diversecity/pico-sdk/lib/btstack/platform/embedded/hci_dump_embedded_stdout.c.obj
[363/479] Building C object CMakeFiles/picoboot.dir/C_/Users/Diversecity/pico-sdk/lib/btstack/platform/embedded/hci_dump_segger_rtt_stdout.c.obj
[364/479] Building C object CMakeFiles/picoboot.dir/C_/Users/Diversecity/pico-sdk/lib/btstack/3rd-party/micro-ecc/uECC.c.obj
[365/479] Building C object CMakeFiles/picoboot.dir/C_/Users/Diversecity/pico-sdk/lib/btstack/src/btstack_audio.c.obj
[366/479] Building C object CMakeFiles/picoboot.dir/C_/Users/Diversecity/pico-sdk/lib/btstack/src/btstack_base64_decoder.c.obj
[367/479] Building C object CMakeFiles/picoboot.dir/C_/Users/Diversecity/pico-sdk/lib/btstack/src/ad_parser.c.obj
[368/479] Building C object CMakeFiles/picoboot.dir/C_/Users/Diversecity/pico-sdk/lib/btstack/src/btstack_hid.c.obj
[369/479] Building C object CMakeFiles/picoboot.dir/C_/Users/Diversecity/pico-sdk/lib/btstack/src/btstack_linked_list.c.obj
[370/479] Building C object CMakeFiles/picoboot.dir/C_/Users/Diversecity/pico-sdk/lib/btstack/src/btstack_crypto.c.obj
[371/479] Building C object CMakeFiles/picoboot.dir/C_/Users/Diversecity/pico-sdk/lib/btstack/src/btstack_hid_parser.c.obj
[372/479] Building C object CMakeFiles/picoboot.dir/C_/Users/Diversecity/pico-sdk/lib/btstack/src/btstack_memory_pool.c.obj
[373/479] Building C object CMakeFiles/picoboot.dir/C_/Users/Diversecity/pico-sdk/lib/btstack/src/btstack_memory.c.obj
[374/479] Building C object CMakeFiles/picoboot.dir/C_/Users/Diversecity/pico-sdk/lib/btstack/src/btstack_run_loop_base.c.obj
[375/479] Building C object CMakeFiles/picoboot.dir/C_/Users/Diversecity/pico-sdk/lib/btstack/src/btstack_resample.c.obj
[376/479] Building C object CMakeFiles/picoboot.dir/C_/Users/Diversecity/pico-sdk/lib/btstack/src/btstack_ring_buffer.c.obj
[377/479] Building C object CMakeFiles/picoboot.dir/C_/Users/Diversecity/pico-sdk/lib/btstack/src/btstack_run_loop.c.obj
[378/479] Building C object CMakeFiles/picoboot.dir/C_/Users/Diversecity/pico-sdk/lib/btstack/src/btstack_slip.c.obj
[379/479] Building C object CMakeFiles/picoboot.dir/C_/Users/Diversecity/pico-sdk/lib/btstack/src/btstack_tlv.c.obj
[380/479] Building C object CMakeFiles/picoboot.dir/C_/Users/Diversecity/pico-sdk/lib/btstack/src/btstack_tlv_none.c.obj
[381/479] Building C object CMakeFiles/picoboot.dir/C_/Users/Diversecity/pico-sdk/lib/btstack/src/classic/obex_message_builder.c.obj
[382/479] Building C object CMakeFiles/picoboot.dir/C_/Users/Diversecity/pico-sdk/lib/btstack/src/classic/pan.c.obj
[383/479] Building C object CMakeFiles/picoboot.dir/C_/Users/Diversecity/pico-sdk/lib/btstack/src/hci_dump.c.obj
[384/479] Building C object CMakeFiles/picoboot.dir/C_/Users/Diversecity/pico-sdk/lib/btstack/src/hci_cmd.c.obj
[385/479] Building C object CMakeFiles/picoboot.dir/C_/Users/Diversecity/pico-sdk/lib/btstack/src/btstack_util.c.obj
[386/479] Building C object CMakeFiles/picoboot.dir/C_/Users/Diversecity/pico-sdk/lib/btstack/src/hci_event.c.obj
[387/479] Building C object CMakeFiles/picoboot.dir/C_/Users/Diversecity/pico-sdk/lib/btstack/src/l2cap_signaling.c.obj
[388/479] Building C object CMakeFiles/picoboot.dir/C_/Users/Diversecity/pico-sdk/lib/btstack/3rd-party/md5/md5.c.obj
[389/479] Building C object CMakeFiles/picoboot.dir/C_/Users/Diversecity/pico-sdk/src/rp2_common/pico_btstack/btstack_stdin_pico.c.obj
[390/479] Building C object CMakeFiles/picoboot.dir/C_/Users/Diversecity/pico-sdk/lib/btstack/3rd-party/yxml/yxml.c.obj
[391/479] Building C object CMakeFiles/picoboot.dir/C_/Users/Diversecity/pico-sdk/lib/btstack/3rd-party/segger-rtt/SEGGER_RTT.c.obj
[392/479] Building C object CMakeFiles/picoboot.dir/C_/Users/Diversecity/pico-sdk/src/rp2_common/pico_cyw43_driver/btstack_cyw43.c.obj
[393/479] Building C object CMakeFiles/picoboot.dir/C_/Users/Diversecity/pico-sdk/src/rp2_common/pico_btstack/btstack_flash_bank.c.obj
[394/479] Building C object CMakeFiles/picoboot.dir/C_/Users/Diversecity/pico-sdk/src/rp2_common/pico_btstack/btstack_run_loop_async_context.c.obj
[395/479] Building C object CMakeFiles/picoboot.dir/C_/Users/Diversecity/pico-sdk/src/rp2_common/pico_cyw43_driver/btstack_hci_transport_cyw43.c.obj
[396/479] Building C object CMakeFiles/picoboot.dir/C_/Users/Diversecity/pico-sdk/src/rp2_common/pico_cyw43_driver/btstack_chipset_cyw43.c.obj
[397/479] Building C object CMakeFiles/picoboot.dir/C_/Users/Diversecity/pico-sdk/src/rp2_common/pico_multicore/multicore.c.obj
[398/479] Building C object CMakeFiles/picoboot.dir/C_/Users/Diversecity/pico-sdk/src/rp2_common/pico_stdlib/stdlib.c.obj
[399/479] Building C object CMakeFiles/picoboot.dir/C_/Users/Diversecity/pico-sdk/src/rp2_common/hardware_uart/uart.c.obj
[400/479] Building C object CMakeFiles/picoboot.dir/C_/Users/Diversecity/pico-sdk/src/rp2_common/hardware_clocks/clocks.c.obj
[401/479] Building C object CMakeFiles/picoboot.dir/C_/Users/Diversecity/pico-sdk/src/rp2_common/hardware_pll/pll.c.obj
[402/479] Building C object CMakeFiles/picoboot.dir/C_/Users/Diversecity/pico-sdk/src/rp2_common/hardware_vreg/vreg.c.obj
[403/479] Building C object CMakeFiles/picoboot.dir/C_/Users/Diversecity/pico-sdk/src/rp2_common/hardware_ticks/ticks.c.obj
[404/479] Building C object CMakeFiles/picoboot.dir/C_/Users/Diversecity/pico-sdk/src/rp2_common/hardware_watchdog/watchdog.c.obj
[405/479] Building C object CMakeFiles/picoboot.dir/C_/Users/Diversecity/pico-sdk/lib/btstack/src/l2cap.c.obj
[406/479] Building C object CMakeFiles/picoboot.dir/C_/Users/Diversecity/pico-sdk/src/rp2_common/hardware_divider/divider.c.obj
[407/479] Building C object CMakeFiles/picoboot.dir/C_/Users/Diversecity/pico-sdk/src/rp2_common/hardware_xosc/xosc.c.obj
[408/479] Building C object CMakeFiles/picoboot.dir/C_/Users/Diversecity/pico-sdk/src/rp2_common/pico_runtime/runtime.c.obj
[409/479] Building C object CMakeFiles/picoboot.dir/C_/Users/Diversecity/pico-sdk/src/rp2_common/pico_runtime_init/runtime_init_clocks.c.obj
[410/479] Building ASM object CMakeFiles/picoboot.dir/C_/Users/Diversecity/pico-sdk/src/rp2_common/pico_bit_ops/bit_ops_aeabi.S.obj
[411/479] Building C object CMakeFiles/picoboot.dir/C_/Users/Diversecity/pico-sdk/src/rp2_common/pico_runtime_init/runtime_init.c.obj
[412/479] Building C object CMakeFiles/picoboot.dir/C_/Users/Diversecity/pico-sdk/src/rp2_common/pico_runtime_init/runtime_init_stack_guard.c.obj
[413/479] Building ASM object CMakeFiles/picoboot.dir/C_/Users/Diversecity/pico-sdk/src/rp2_common/pico_double/double_aeabi_dcp.S.obj
[414/479] Building ASM object CMakeFiles/picoboot.dir/C_/Users/Diversecity/pico-sdk/src/rp2_common/pico_double/double_fma_dcp.S.obj
[415/479] Building C object CMakeFiles/picoboot.dir/C_/Users/Diversecity/pico-sdk/src/rp2_common/pico_divider/divider_compiler.c.obj
[416/479] Building ASM object CMakeFiles/picoboot.dir/C_/Users/Diversecity/pico-sdk/src/rp2_common/pico_double/double_sci_m33.S.obj
[417/479] Building C object CMakeFiles/picoboot.dir/C_/Users/Diversecity/pico-sdk/lib/btstack/src/hci.c.obj
[418/479] Building ASM object CMakeFiles/picoboot.dir/C_/Users/Diversecity/pico-sdk/src/rp2_common/pico_float/float_conv32_vfp.S.obj
[419/479] Building ASM object CMakeFiles/picoboot.dir/C_/Users/Diversecity/pico-sdk/src/rp2_common/pico_double/double_conv_m33.S.obj
[420/479] Building ASM object CMakeFiles/picoboot.dir/C_/Users/Diversecity/pico-sdk/src/rp2_common/pico_float/float_common_m33.S.obj
[421/479] Building ASM object CMakeFiles/picoboot.dir/C_/Users/Diversecity/pico-sdk/src/rp2_common/pico_float/float_sci_m33_vfp.S.obj
[422/479] Building C object CMakeFiles/picoboot.dir/C_/Users/Diversecity/pico-sdk/src/rp2_common/pico_malloc/malloc.c.obj
[423/479] Building C object CMakeFiles/picoboot.dir/C_/Users/Diversecity/pico-sdk/src/rp2_common/pico_standard_binary_info/standard_binary_info.c.obj
[424/479] Building CXX object CMakeFiles/picoboot.dir/C_/Users/Diversecity/pico-sdk/src/rp2_common/pico_cxx_options/new_delete.cpp.obj
[425/479] Building C object CMakeFiles/picoboot.dir/C_/Users/Diversecity/pico-sdk/src/rp2_common/pico_double/double_math.c.obj
[426/479] Building C object CMakeFiles/picoboot.dir/C_/Users/Diversecity/pico-sdk/src/rp2_common/pico_atomic/atomic.c.obj
[427/479] Building ASM object CMakeFiles/picoboot.dir/C_/Users/Diversecity/pico-sdk/src/rp2_common/pico_crt0/crt0.S.obj
[428/479] Building C object CMakeFiles/picoboot.dir/C_/Users/Diversecity/pico-sdk/src/rp2_common/pico_float/float_math.c.obj
[429/479] Building C object CMakeFiles/picoboot.dir/C_/Users/Diversecity/pico-sdk/src/rp2_common/pico_clib_interface/cxa_guard.c.obj
[430/479] Building C object CMakeFiles/picoboot.dir/C_/Users/Diversecity/pico-sdk/src/rp2_common/pico_clib_interface/newlib_interface.c.obj
[431/479] Building C object CMakeFiles/picoboot.dir/C_/Users/Diversecity/pico-sdk/src/rp2_common/pico_stdio_usb/stdio_usb_descriptors.c.obj
[432/479] Building C object CMakeFiles/picoboot.dir/C_/Users/Diversecity/pico-sdk/src/rp2_common/pico_stdio/stdio.c.obj
[433/479] Building C object CMakeFiles/picoboot.dir/C_/Users/Diversecity/pico-sdk/src/rp2_common/pico_usb_reset/usb_reset.c.obj
[434/479] Building C object CMakeFiles/picoboot.dir/C_/Users/Diversecity/pico-sdk/src/rp2_common/pico_stdio_usb/stdio_usb.c.obj
[435/479] Building C object CMakeFiles/picoboot.dir/C_/Users/Diversecity/pico-sdk/src/rp2_common/pico_printf/printf.c.obj
[436/479] Building C object CMakeFiles/picoboot.dir/C_/Users/Diversecity/pico-sdk/lib/tinyusb/src/class/audio/audio_device.c.obj
[437/479] Building C object CMakeFiles/picoboot.dir/C_/Users/Diversecity/pico-sdk/lib/tinyusb/src/portable/raspberrypi/rp2040/rp2040_usb.c.obj
[438/479] Building C object CMakeFiles/picoboot.dir/C_/Users/Diversecity/pico-sdk/lib/tinyusb/src/device/usbd_control.c.obj
[439/479] Building C object CMakeFiles/picoboot.dir/C_/Users/Diversecity/pico-sdk/lib/tinyusb/src/portable/raspberrypi/rp2040/dcd_rp2040.c.obj
[440/479] Building C object CMakeFiles/picoboot.dir/C_/Users/Diversecity/pico-sdk/lib/tinyusb/src/class/dfu/dfu_device.c.obj
[441/479] Building C object CMakeFiles/picoboot.dir/C_/Users/Diversecity/pico-sdk/lib/tinyusb/src/class/dfu/dfu_rt_device.c.obj
[442/479] Building C object CMakeFiles/picoboot.dir/C_/Users/Diversecity/pico-sdk/lib/tinyusb/src/class/hid/hid_device.c.obj
[443/479] Building C object CMakeFiles/picoboot.dir/C_/Users/Diversecity/pico-sdk/lib/tinyusb/src/class/cdc/cdc_device.c.obj
[444/479] Building C object CMakeFiles/picoboot.dir/C_/Users/Diversecity/pico-sdk/lib/tinyusb/src/class/midi/midi_device.c.obj
[445/479] Building C object CMakeFiles/picoboot.dir/C_/Users/Diversecity/pico-sdk/lib/tinyusb/src/device/usbd.c.obj
[446/479] Building C object CMakeFiles/picoboot.dir/C_/Users/Diversecity/pico-sdk/lib/tinyusb/src/class/msc/msc_device.c.obj
[447/479] Building C object CMakeFiles/picoboot.dir/C_/Users/Diversecity/pico-sdk/lib/tinyusb/src/class/net/ecm_rndis_device.c.obj
[448/479] Building C object CMakeFiles/picoboot.dir/C_/Users/Diversecity/pico-sdk/lib/tinyusb/src/class/net/ncm_device.c.obj
[449/479] Building C object CMakeFiles/picoboot.dir/C_/Users/Diversecity/pico-sdk/lib/tinyusb/src/class/usbtmc/usbtmc_device.c.obj
[450/479] Building C object CMakeFiles/picoboot.dir/C_/Users/Diversecity/pico-sdk/lib/tinyusb/src/class/vendor/vendor_device.c.obj
[451/479] Building C object CMakeFiles/picoboot.dir/C_/Users/Diversecity/pico-sdk/lib/tinyusb/src/class/video/video_device.c.obj
[452/479] Building C object CMakeFiles/picoboot.dir/C_/Users/Diversecity/pico-sdk/src/rp2_common/pico_fix/rp2040_usb_device_enumeration/rp2040_usb_device_enumeration.c.obj
[453/479] Building C object CMakeFiles/picoboot.dir/C_/Users/Diversecity/pico-sdk/src/rp2_common/pico_thread_local/thread_local.c.obj
[454/479] Building C object CMakeFiles/picoboot.dir/C_/Users/Diversecity/pico-sdk/lib/tinyusb/src/tusb.c.obj
[455/479] Building C object CMakeFiles/picoboot.dir/C_/Users/Diversecity/pico-sdk/lib/tinyusb/src/common/tusb_fifo.c.obj
[456/479] Building C object CMakeFiles/picoboot.dir/C_/Users/Diversecity/pico-sdk/lib/btstack/src/ble/att_dispatch.c.obj
[457/479] Building C object CMakeFiles/picoboot.dir/C_/Users/Diversecity/pico-sdk/lib/btstack/src/ble/att_db_util.c.obj
[458/479] Building C object CMakeFiles/picoboot.dir/C_/Users/Diversecity/pico-sdk/lib/btstack/src/ble/gatt-service/battery_service_server.c.obj
[459/479] Building C object CMakeFiles/picoboot.dir/C_/Users/Diversecity/pico-sdk/lib/btstack/src/ble/gatt-service/cycling_speed_and_cadence_service_server.c.obj
[460/479] Building C object CMakeFiles/picoboot.dir/C_/Users/Diversecity/pico-sdk/lib/btstack/src/ble/att_db.c.obj
[461/479] Building C object CMakeFiles/picoboot.dir/C_/Users/Diversecity/pico-sdk/lib/btstack/src/ble/gatt-service/battery_service_client.c.obj
[462/479] Building C object CMakeFiles/picoboot.dir/C_/Users/Diversecity/pico-sdk/lib/btstack/src/ble/att_server.c.obj
[463/479] Building C object CMakeFiles/picoboot.dir/C_/Users/Diversecity/pico-sdk/lib/btstack/src/ble/gatt-service/device_information_service_server.c.obj
[464/479] Building C object CMakeFiles/picoboot.dir/C_/Users/Diversecity/pico-sdk/lib/btstack/src/ble/gatt-service/cycling_power_service_server.c.obj
[465/479] Building C object CMakeFiles/picoboot.dir/C_/Users/Diversecity/pico-sdk/lib/btstack/src/ble/gatt-service/heart_rate_service_server.c.obj
[466/479] Building C object CMakeFiles/picoboot.dir/C_/Users/Diversecity/pico-sdk/lib/btstack/src/ble/gatt-service/device_information_service_client.c.obj
[467/479] Building C object CMakeFiles/picoboot.dir/C_/Users/Diversecity/pico-sdk/lib/btstack/src/ble/gatt-service/nordic_spp_service_server.c.obj
[468/479] Building C object CMakeFiles/picoboot.dir/C_/Users/Diversecity/pico-sdk/lib/btstack/src/ble/gatt-service/ublox_spp_service_server.c.obj
[469/479] Building C object CMakeFiles/picoboot.dir/C_/Users/Diversecity/pico-sdk/lib/btstack/src/ble/gatt-service/hids_device.c.obj
[470/479] Building C object CMakeFiles/picoboot.dir/C_/Users/Diversecity/pico-sdk/lib/btstack/src/ble/le_device_db_memory.c.obj
[471/479] Building C object CMakeFiles/picoboot.dir/C_/Users/Diversecity/pico-sdk/lib/btstack/src/ble/gatt-service/ancs_client.c.obj
[472/479] Building C object CMakeFiles/picoboot.dir/C_/Users/Diversecity/pico-sdk/lib/btstack/src/ble/le_device_db_tlv.c.obj
[473/479] Building C object CMakeFiles/picoboot.dir/C_/Users/Diversecity/pico-sdk/lib/btstack/src/hci_event_builder.c.obj
[474/479] Building C object CMakeFiles/picoboot.dir/C_/Users/Diversecity/pico-sdk/lib/btstack/src/ble/gatt_service_client.c.obj
[475/479] Building C object CMakeFiles/picoboot.dir/C_/Users/Diversecity/pico-sdk/lib/btstack/src/ble/gatt-service/hids_host.c.obj
[476/479] Building C object CMakeFiles/picoboot.dir/C_/Users/Diversecity/pico-sdk/lib/btstack/src/ble/gatt_client.c.obj
[477/479] Linking CXX static library libbluepad32\libbluepad32.a
[478/479] Building C object CMakeFiles/picoboot.dir/C_/Users/Diversecity/pico-sdk/lib/btstack/src/ble/sm.c.obj
[479/479] Linking CXX executable dist\picoboot.elf
C:/Program Files (x86)/Arm GNU Toolchain arm-none-eabi/14.2 rel1/bin/../lib/gcc/arm-none-eabi/14.2.1/../../../../arm-none-eabi/bin/ld.exe:pico_flash_region.ld:1: warning: redeclaration of memory region `FLASH'
